departure_origin,month,n_route_days,n_cities,total_pax,p2p_pax,transfer_pax,transit_pax,premium_p2p_pax,classified_p2p_pax,premium_p2p_share_pct,premium_classified_share_pct,unclassified_p2p_pct,premium_seat_share_pct,transfer_share_pct,first_date,last_date
Austria,2023-01,18,1,4917.0,793.0,4124.0,0.0,204.0,778.0,25.7,26.2,1.89,9.7,83.9,2023-01-01,2023-01-30
Austria,2023-02,16,1,4328.0,834.0,3494.0,0.0,187.0,819.0,22.4,22.8,1.8,9.7,80.7,2023-02-01,2023-02-27
Austria,2023-03,18,1,4479.0,932.0,3547.0,0.0,175.0,912.0,18.8,19.2,2.15,9.7,79.2,2023-03-01,2023-03-31
Austria,2023-04,22,1,4860.0,1372.0,3488.0,0.0,242.0,1353.0,17.6,17.9,1.38,9.7,71.8,2023-04-01,2023-04-30
Austria,2023-05,22,1,5264.0,1545.0,3719.0,0.0,296.0,1513.0,19.2,19.6,2.07,9.7,70.6,2023-05-01,2023-05-31
Austria,2023-06,21,1,5051.0,1592.0,3459.0,0.0,272.0,1547.0,17.1,17.6,2.83,9.7,68.5,2023-06-02,2023-06-30
Austria,2023-07,29,1,7848.0,2522.0,5326.0,0.0,301.0,2468.0,11.9,12.2,2.14,9.8,67.9,2023-07-01,2023-07-31
Austria,2023-08,30,1,8463.0,4129.0,4334.0,0.0,532.0,4064.0,12.9,13.1,1.57,9.7,51.2,2023-08-01,2023-08-31
Austria,2023-09,22,1,5993.0,1857.0,4136.0,0.0,256.0,1816.0,13.8,14.1,2.21,9.7,69.0,2023-09-01,2023-09-30
Austria,2023-10,22,1,6440.0,1987.0,4453.0,0.0,237.0,1961.0,11.9,12.1,1.31,10.2,69.1,2023-10-01,2023-10-30
Austria,2023-11,21,1,5746.0,1753.0,3993.0,0.0,282.0,1723.0,16.1,16.4,1.71,9.7,69.5,2023-11-01,2023-11-29
Austria,2023-12,26,1,6778.0,2304.0,4474.0,0.0,291.0,2274.0,12.6,12.8,1.3,9.7,66.0,2023-12-01,2023-12-31
Austria,2024-01,31,1,8729.0,1720.0,7009.0,0.0,263.0,1689.0,15.3,15.6,1.8,9.7,80.3,2024-01-01,2024-01-31
Austria,2024-02,29,1,8787.0,2086.0,6701.0,0.0,338.0,2061.0,16.2,16.4,1.2,9.7,76.3,2024-02-01,2024-02-29
Austria,2024-03,31,1,8396.0,1964.0,6432.0,0.0,289.0,1937.0,14.7,14.9,1.37,9.8,76.6,2024-03-01,2024-03-31
Austria,2024-04,30,1,7335.0,2224.0,5111.0,0.0,306.0,2178.0,13.8,14.0,2.07,9.8,69.7,2024-04-01,2024-04-30
Austria,2024-05,31,1,7314.0,1961.0,5353.0,0.0,379.0,1920.0,19.3,19.7,2.09,9.7,73.2,2024-05-01,2024-05-31
Austria,2024-06,30,1,7133.0,1661.0,5472.0,0.0,275.0,1628.0,16.6,16.9,1.99,9.7,76.7,2024-06-01,2024-06-30
Austria,2024-07,31,1,9145.0,2462.0,6683.0,0.0,310.0,2417.0,12.6,12.8,1.83,9.7,73.1,2024-07-01,2024-07-31
Austria,2024-08,31,1,9395.0,4088.0,5307.0,0.0,353.0,4009.0,8.6,8.8,1.93,9.7,56.5,2024-08-01,2024-08-31
Austria,2024-09,30,1,8445.0,2014.0,6431.0,0.0,250.0,1967.0,12.4,12.7,2.33,9.7,76.2,2024-09-01,2024-09-30
Austria,2024-10,31,1,9630.0,2545.0,7085.0,0.0,249.0,2498.0,9.8,10.0,1.85,9.8,73.6,2024-10-01,2024-10-31
Austria,2024-11,30,1,8978.0,1981.0,6997.0,0.0,258.0,1953.0,13.0,13.2,1.41,9.7,77.9,2024-11-01,2024-11-30
Austria,2024-12,31,1,9734.0,2688.0,7046.0,0.0,272.0,2659.0,10.1,10.2,1.08,10.1,72.4,2024-12-01,2024-12-31
Austria,2025-01,31,1,10303.0,2877.0,7426.0,0.0,273.0,2827.0,9.5,9.7,1.74,10.7,72.1,2025-01-01,2025-01-31
Austria,2025-02,28,1,9746.0,2962.0,6784.0,0.0,366.0,2923.0,12.4,12.5,1.32,10.9,69.6,2025-02-01,2025-02-28
Austria,2025-03,31,1,9056.0,3271.0,5785.0,0.0,230.0,3217.0,7.0,7.1,1.65,10.6,63.9,2025-03-01,2025-03-31
Austria,2025-04,30,1,10258.0,4697.0,5561.0,0.0,348.0,4622.0,7.4,7.5,1.6,10.3,54.2,2025-04-01,2025-04-30
Austria,2025-05,31,1,9537.0,4415.0,5122.0,0.0,369.0,4340.0,8.4,8.5,1.7,10.6,53.7,2025-05-01,2025-05-31
Austria,2025-06,30,1,9815.0,2960.0,6855.0,0.0,366.0,2902.0,12.4,12.6,1.96,10.5,69.8,2025-06-01,2025-06-30
Austria,2025-07,31,1,10527.0,2450.0,8077.0,0.0,374.0,2416.0,15.3,15.5,1.39,11.2,76.7,2025-07-01,2025-07-31
Austria,2025-08,31,1,10947.0,4390.0,6557.0,0.0,502.0,4328.0,11.4,11.6,1.41,10.9,59.9,2025-08-01,2025-08-31
Austria,2025-09,30,1,9708.0,2626.0,7082.0,0.0,300.0,2593.0,11.4,11.6,1.26,11.2,73.0,2025-09-01,2025-09-30
Austria,2025-10,31,1,11347.0,3954.0,7393.0,0.0,345.0,3886.0,8.7,8.9,1.72,10.9,65.2,2025-10-01,2025-10-31
Austria,2025-11,30,1,10084.0,2372.0,7712.0,0.0,358.0,2341.0,15.1,15.3,1.31,10.9,76.5,2025-11-01,2025-11-30
Austria,2025-12,31,1,10860.0,3005.0,7855.0,0.0,263.0,2962.0,8.8,8.9,1.43,10.5,72.3,2025-12-01,2025-12-31
Austria,2026-01,30,1,10891.0,2145.0,8746.0,0.0,252.0,2121.0,11.7,11.9,1.12,11.0,80.3,2026-01-01,2026-01-31
Austria,2026-02,26,1,9622.0,1768.0,7854.0,0.0,252.0,1747.0,14.3,14.4,1.19,10.6,81.6,2026-02-01,2026-02-27
Azerbaijan,2023-03,1,1,55.0,55.0,0.0,0.0,8.0,55.0,14.5,14.5,0.0,5.1,0.0,2023-03-01,2023-03-01
Bahrain,2023-01,31,1,6518.0,3244.0,3274.0,0.0,224.0,3195.0,6.9,7.0,1.51,4.9,50.2,2023-01-01,2023-01-31
Bahrain,2023-02,26,1,5432.0,2942.0,2490.0,0.0,183.0,2907.0,6.2,6.3,1.19,5.5,45.8,2023-02-01,2023-02-28
Bahrain,2023-03,30,1,6076.0,2500.0,3576.0,0.0,107.0,2478.0,4.3,4.3,0.88,4.8,58.9,2023-03-01,2023-03-31
Bahrain,2023-04,30,1,7377.0,3250.0,4127.0,0.0,193.0,3184.0,5.9,6.1,2.03,5.0,55.9,2023-04-01,2023-04-30
Bahrain,2023-05,31,1,9121.0,2974.0,6147.0,0.0,151.0,2930.0,5.1,5.2,1.48,4.8,67.4,2023-05-01,2023-05-31
Bahrain,2023-06,30,1,10526.0,3267.0,7259.0,0.0,104.0,3222.0,3.2,3.2,1.38,5.1,69.0,2023-06-01,2023-06-30
Bahrain,2023-07,31,1,10523.0,5324.0,5199.0,0.0,156.0,5225.0,2.9,3.0,1.86,4.8,49.4,2023-07-01,2023-07-31
Bahrain,2023-08,31,1,9250.0,5003.0,4247.0,0.0,133.0,4897.0,2.7,2.7,2.12,4.9,45.9,2023-08-01,2023-08-31
Bahrain,2023-09,30,1,5949.0,2656.0,3293.0,0.0,123.0,2636.0,4.6,4.7,0.75,4.8,55.4,2023-09-01,2023-09-30
Bahrain,2023-10,31,1,8809.0,3796.0,5013.0,0.0,182.0,3757.0,4.8,4.8,1.03,5.3,56.9,2023-10-01,2023-10-31
Bahrain,2023-11,30,1,7358.0,3343.0,4015.0,0.0,218.0,3300.0,6.5,6.6,1.29,5.8,54.6,2023-11-01,2023-11-30
Bahrain,2023-12,31,1,9888.0,5909.0,3979.0,0.0,203.0,5803.0,3.4,3.5,1.79,6.0,40.2,2023-12-01,2023-12-31
Bahrain,2024-01,31,1,8711.0,4118.0,4593.0,0.0,270.0,4067.0,6.6,6.6,1.24,7.0,52.7,2024-01-01,2024-01-31
Bahrain,2024-02,29,1,7805.0,3281.0,4524.0,0.0,170.0,3245.0,5.2,5.2,1.1,6.2,58.0,2024-02-01,2024-02-29
Bahrain,2024-03,31,1,8592.0,2529.0,6063.0,0.0,218.0,2504.0,8.6,8.7,0.99,9.1,70.6,2024-03-01,2024-03-31
Bahrain,2024-04,30,1,10443.0,2824.0,7619.0,0.0,269.0,2786.0,9.5,9.7,1.35,7.4,73.0,2024-04-01,2024-04-30
Bahrain,2024-05,31,1,7764.0,2389.0,5375.0,0.0,200.0,2373.0,8.4,8.4,0.67,8.4,69.2,2024-05-01,2024-05-31
Bahrain,2024-06,30,1,11082.0,2712.0,8370.0,0.0,106.0,2673.0,3.9,4.0,1.44,8.7,75.5,2024-06-01,2024-06-30
Bahrain,2024-07,31,1,10884.0,3378.0,7506.0,0.0,83.0,3328.0,2.5,2.5,1.48,7.1,69.0,2024-07-01,2024-07-31
Bahrain,2024-08,31,1,10554.0,3570.0,6984.0,0.0,135.0,3514.0,3.8,3.8,1.57,7.7,66.2,2024-08-01,2024-08-31
Bahrain,2024-09,30,1,7471.0,1674.0,5797.0,0.0,157.0,1661.0,9.4,9.5,0.78,6.8,77.6,2024-09-01,2024-09-30
Bahrain,2024-10,31,1,8900.0,2428.0,6472.0,0.0,162.0,2397.0,6.7,6.8,1.28,8.1,72.7,2024-10-01,2024-10-31
Bahrain,2024-11,30,1,9743.0,2850.0,6893.0,0.0,212.0,2818.0,7.4,7.5,1.12,7.8,70.7,2024-11-01,2024-11-30
Bahrain,2024-12,31,1,10358.0,3771.0,6587.0,0.0,216.0,3707.0,5.7,5.8,1.7,8.0,63.6,2024-12-01,2024-12-31
Bahrain,2025-01,31,1,8716.0,3308.0,5408.0,0.0,222.0,3274.0,6.7,6.8,1.03,8.4,62.0,2025-01-01,2025-01-31
Bahrain,2025-02,28,1,7716.0,2965.0,4751.0,0.0,178.0,2931.0,6.0,6.1,1.15,8.4,61.6,2025-02-01,2025-02-28
Bahrain,2025-03,31,1,7566.0,1934.0,5632.0,0.0,90.0,1912.0,4.7,4.7,1.14,8.8,74.4,2025-03-01,2025-03-31
Bahrain,2025-04,30,1,9992.0,3867.0,6125.0,0.0,186.0,3800.0,4.8,4.9,1.73,8.5,61.3,2025-04-01,2025-04-30
Bahrain,2025-05,31,1,10307.0,4422.0,5885.0,0.0,165.0,4361.0,3.7,3.8,1.38,8.2,57.1,2025-05-01,2025-05-31
Bahrain,2025-06,30,1,11560.0,4066.0,7494.0,0.0,144.0,3984.0,3.5,3.6,2.02,8.2,64.8,2025-06-01,2025-06-30
Bahrain,2025-07,31,1,12291.0,4545.0,7746.0,0.0,134.0,4444.0,2.9,3.0,2.22,9.7,63.0,2025-07-01,2025-07-31
Bahrain,2025-08,31,1,12573.0,6126.0,6447.0,0.0,216.0,6022.0,3.5,3.6,1.7,9.4,51.3,2025-08-01,2025-08-31
Bahrain,2025-09,30,1,9866.0,5085.0,4781.0,0.0,150.0,5016.0,2.9,3.0,1.36,7.9,48.5,2025-09-01,2025-09-30
Bahrain,2025-10,31,1,10421.0,5455.0,4966.0,0.0,219.0,5368.0,4.0,4.1,1.59,8.0,47.7,2025-10-01,2025-10-31
Bahrain,2025-11,30,1,10057.0,4738.0,5319.0,0.0,222.0,4690.0,4.7,4.7,1.01,8.8,52.9,2025-11-01,2025-11-30
Bahrain,2025-12,31,1,11280.0,5282.0,5998.0,0.0,236.0,5203.0,4.5,4.5,1.5,9.5,53.2,2025-12-01,2025-12-31
Bahrain,2026-01,31,1,11601.0,6266.0,5335.0,0.0,206.0,6177.0,3.3,3.3,1.42,7.6,46.0,2026-01-01,2026-01-31
Bahrain,2026-02,28,1,9650.0,4530.0,5120.0,0.0,159.0,4482.0,3.5,3.5,1.06,7.9,53.1,2026-02-01,2026-02-28
Belgium,2023-01,23,1,6109.0,972.0,5137.0,0.0,264.0,962.0,27.2,27.4,1.03,9.7,84.1,2023-01-01,2023-01-31
Belgium,2023-02,20,1,5090.0,1079.0,4011.0,0.0,238.0,1070.0,22.1,22.2,0.83,9.8,78.8,2023-02-02,2023-02-28
Belgium,2023-03,21,1,4511.0,742.0,3769.0,0.0,165.0,731.0,22.2,22.6,1.48,9.7,83.6,2023-03-02,2023-03-30
Belgium,2023-04,22,1,5286.0,967.0,4319.0,0.0,192.0,957.0,19.9,20.1,1.03,9.7,81.7,2023-04-01,2023-04-30
Belgium,2023-05,22,1,5120.0,780.0,4340.0,0.0,171.0,766.0,21.9,22.3,1.79,9.9,84.8,2023-05-01,2023-05-30
Belgium,2023-06,21,1,5206.0,537.0,4669.0,0.0,129.0,525.0,24.0,24.6,2.23,9.7,89.7,2023-06-01,2023-06-29
Belgium,2023-07,23,1,6473.0,791.0,5682.0,0.0,122.0,780.0,15.4,15.6,1.39,9.7,87.8,2023-07-01,2023-07-31
Belgium,2023-08,22,1,5717.0,953.0,4764.0,0.0,223.0,931.0,23.4,24.0,2.31,9.7,83.3,2023-08-01,2023-08-31
Belgium,2023-09,21,1,5645.0,606.0,5039.0,0.0,140.0,595.0,23.1,23.5,1.82,9.7,89.3,2023-09-02,2023-09-30
Belgium,2023-10,22,1,6294.0,1083.0,5211.0,0.0,110.0,1074.0,10.2,10.2,0.83,9.7,82.8,2023-10-01,2023-10-31
Belgium,2023-11,21,1,5671.0,720.0,4951.0,0.0,140.0,714.0,19.4,19.6,0.83,9.7,87.3,2023-11-02,2023-11-30
Belgium,2023-12,26,1,7417.0,1455.0,5962.0,0.0,171.0,1441.0,11.8,11.9,0.96,9.7,80.4,2023-12-02,2023-12-31
Belgium,2024-01,31,1,7690.0,930.0,6760.0,0.0,189.0,915.0,20.3,20.7,1.61,9.7,87.9,2024-01-01,2024-01-31
Belgium,2024-02,29,1,7454.0,1419.0,6035.0,0.0,461.0,1410.0,32.5,32.7,0.63,14.0,81.0,2024-02-01,2024-02-29
Belgium,2024-03,31,1,7595.0,1025.0,6570.0,0.0,194.0,1015.0,18.9,19.1,0.98,9.8,86.5,2024-03-01,2024-03-31
Belgium,2024-04,30,1,8058.0,1517.0,6541.0,0.0,239.0,1500.0,15.8,15.9,1.12,9.7,81.2,2024-04-01,2024-04-30
Belgium,2024-05,31,1,7172.0,917.0,6255.0,0.0,213.0,904.0,23.2,23.6,1.42,9.7,87.2,2024-05-01,2024-05-31
Belgium,2024-06,30,1,7644.0,773.0,6871.0,0.0,176.0,759.0,22.8,23.2,1.81,10.0,89.9,2024-06-01,2024-06-30
Belgium,2024-07,31,1,9477.0,965.0,8512.0,0.0,135.0,956.0,14.0,14.1,0.93,9.8,89.8,2024-07-01,2024-07-31
Belgium,2024-08,31,1,8315.0,1278.0,7037.0,0.0,253.0,1253.0,19.8,20.2,1.96,9.8,84.6,2024-08-01,2024-08-31
Belgium,2024-09,30,1,8282.0,889.0,7393.0,0.0,214.0,876.0,24.1,24.4,1.46,9.7,89.3,2024-09-01,2024-09-30
Belgium,2024-10,29,1,9062.0,1466.0,7596.0,0.0,203.0,1449.0,13.8,14.0,1.16,9.7,83.8,2024-10-02,2024-10-31
Belgium,2024-11,30,1,8521.0,1230.0,7291.0,0.0,216.0,1213.0,17.6,17.8,1.38,9.8,85.6,2024-11-01,2024-11-30
Belgium,2024-12,31,1,9349.0,1766.0,7583.0,0.0,244.0,1742.0,13.8,14.0,1.36,9.7,81.1,2024-12-01,2024-12-31
Belgium,2025-01,31,1,8808.0,1262.0,7546.0,0.0,228.0,1243.0,18.1,18.3,1.51,9.7,85.7,2025-01-01,2025-01-31
Belgium,2025-02,27,1,8414.0,1374.0,7040.0,0.0,271.0,1355.0,19.7,20.0,1.38,9.8,83.7,2025-02-01,2025-02-28
Belgium,2025-03,30,1,7495.0,1130.0,6365.0,0.0,203.0,1119.0,18.0,18.1,0.97,9.8,84.9,2025-03-01,2025-03-30
Belgium,2025-04,29,1,9757.0,2677.0,7080.0,0.0,274.0,2636.0,10.2,10.4,1.53,9.8,72.6,2025-04-01,2025-04-30
Belgium,2025-05,31,1,7907.0,1009.0,6898.0,0.0,276.0,998.0,27.4,27.7,1.09,9.7,87.2,2025-05-01,2025-05-31
Belgium,2025-06,29,1,8230.0,896.0,7334.0,0.0,180.0,883.0,20.1,20.4,1.45,9.8,89.1,2025-06-01,2025-06-30
Belgium,2025-07,31,1,10548.0,1601.0,8947.0,0.0,296.0,1582.0,18.5,18.7,1.19,10.8,84.8,2025-07-01,2025-07-31
Belgium,2025-08,31,1,9714.0,1751.0,7963.0,0.0,315.0,1715.0,18.0,18.4,2.06,10.1,82.0,2025-08-01,2025-08-31
Belgium,2025-09,29,1,9363.0,1170.0,8193.0,0.0,281.0,1147.0,24.0,24.5,1.97,10.4,87.5,2025-09-01,2025-09-30
Belgium,2025-10,30,1,10514.0,2270.0,8244.0,0.0,231.0,2247.0,10.2,10.3,1.01,10.4,78.4,2025-10-01,2025-10-31
Belgium,2025-11,29,1,9662.0,1465.0,8197.0,0.0,254.0,1456.0,17.3,17.4,0.61,10.7,84.8,2025-11-01,2025-11-30
Belgium,2025-12,31,1,10276.0,3364.0,6912.0,0.0,299.0,3309.0,8.9,9.0,1.63,10.6,67.3,2025-12-01,2025-12-31
Belgium,2026-01,30,1,10497.0,1379.0,9118.0,0.0,243.0,1366.0,17.6,17.8,0.94,8.2,86.9,2026-01-01,2026-01-31
Belgium,2026-02,27,1,8648.0,1649.0,6999.0,0.0,315.0,1627.0,19.1,19.4,1.33,10.1,80.9,2026-02-01,2026-02-27
Canada,2023-01,27,1,8193.0,605.0,7588.0,0.0,252.0,591.0,41.7,42.6,2.31,10.2,92.6,2023-01-01,2023-01-31
Canada,2023-02,23,1,7364.0,714.0,6650.0,0.0,245.0,701.0,34.3,35.0,1.82,10.1,90.3,2023-02-02,2023-02-28
Canada,2023-03,26,1,7279.0,579.0,6700.0,0.0,109.0,572.0,18.8,19.1,1.21,10.1,92.0,2023-03-02,2023-03-31
Canada,2023-04,25,1,7221.0,626.0,6595.0,0.0,101.0,618.0,16.1,16.3,1.28,10.1,91.3,2023-04-01,2023-04-30
Canada,2023-05,27,1,7904.0,715.0,7189.0,0.0,139.0,701.0,19.4,19.8,1.96,10.1,91.0,2023-05-01,2023-05-31
Canada,2023-06,30,1,8952.0,801.0,8151.0,0.0,242.0,785.0,30.2,30.8,2.0,10.1,91.1,2023-06-01,2023-06-30
Canada,2023-07,31,1,9406.0,1103.0,8303.0,0.0,263.0,1083.0,23.8,24.3,1.81,10.1,88.3,2023-07-01,2023-07-31
Canada,2023-08,31,1,9242.0,1460.0,7782.0,0.0,323.0,1429.0,22.1,22.6,2.12,10.0,84.2,2023-08-01,2023-08-31
Canada,2023-09,30,1,9973.0,807.0,9166.0,0.0,277.0,781.0,34.3,35.5,3.22,10.5,91.9,2023-09-01,2023-09-30
Canada,2023-10,31,1,11455.0,881.0,10574.0,0.0,263.0,863.0,29.9,30.5,2.04,10.8,92.3,2023-10-01,2023-10-31
Canada,2023-11,30,1,11163.0,767.0,10396.0,0.0,255.0,750.0,33.2,34.0,2.22,10.8,93.1,2023-11-01,2023-11-30
Canada,2023-12,31,1,11513.0,1308.0,10205.0,0.0,344.0,1296.0,26.3,26.5,0.92,10.9,88.6,2023-12-01,2023-12-31
Canada,2024-01,31,1,11312.0,765.0,10547.0,0.0,348.0,748.0,45.5,46.5,2.22,10.8,93.2,2024-01-01,2024-01-31
Canada,2024-02,29,1,10311.0,885.0,9426.0,0.0,327.0,864.0,36.9,37.8,2.37,10.8,91.4,2024-02-01,2024-02-29
Canada,2024-03,30,1,10316.0,854.0,9462.0,0.0,304.0,845.0,35.6,36.0,1.05,10.8,91.7,2024-03-01,2024-03-31
Canada,2024-04,30,1,10857.0,1184.0,9673.0,0.0,388.0,1159.0,32.8,33.5,2.11,10.8,89.1,2024-04-01,2024-04-30
Canada,2024-05,30,1,11205.0,813.0,10392.0,0.0,318.0,798.0,39.1,39.8,1.85,10.8,92.7,2024-05-01,2024-05-31
Canada,2024-06,30,1,10867.0,907.0,9960.0,0.0,281.0,899.0,31.0,31.3,0.88,10.8,91.7,2024-06-01,2024-06-30
Canada,2024-07,31,1,11326.0,1370.0,9956.0,0.0,274.0,1350.0,20.0,20.3,1.46,10.8,87.9,2024-07-01,2024-07-31
Canada,2024-08,31,1,11201.0,1698.0,9503.0,0.0,358.0,1665.0,21.1,21.5,1.94,10.8,84.8,2024-08-01,2024-08-31
Canada,2024-09,30,1,10976.0,1032.0,9944.0,0.0,299.0,1011.0,29.0,29.6,2.03,10.8,90.6,2024-09-01,2024-09-30
Canada,2024-10,31,1,11647.0,1012.0,10635.0,0.0,318.0,999.0,31.4,31.8,1.28,10.9,91.3,2024-10-01,2024-10-31
Canada,2024-11,30,1,11391.0,985.0,10406.0,0.0,154.0,967.0,15.6,15.9,1.83,11.9,91.4,2024-11-01,2024-11-30
Canada,2024-12,31,1,11683.0,1569.0,10114.0,0.0,113.0,1544.0,7.2,7.3,1.59,11.9,86.6,2024-12-01,2024-12-31
Canada,2025-01,31,1,11757.0,1055.0,10702.0,0.0,245.0,1033.0,23.2,23.7,2.09,11.9,91.0,2025-01-01,2025-01-31
Canada,2025-02,28,1,10415.0,930.0,9485.0,0.0,249.0,909.0,26.8,27.4,2.26,11.9,91.1,2025-02-01,2025-02-28
Canada,2025-03,31,1,9832.0,881.0,8951.0,0.0,332.0,872.0,37.7,38.1,1.02,11.9,91.0,2025-03-01,2025-03-31
Canada,2025-04,30,1,10596.0,1176.0,9420.0,0.0,394.0,1162.0,33.5,33.9,1.19,11.9,88.9,2025-04-01,2025-04-30
Canada,2025-05,31,1,10722.0,1121.0,9601.0,0.0,374.0,1105.0,33.4,33.8,1.43,11.9,89.5,2025-05-01,2025-05-31
Canada,2025-06,30,1,11580.0,1158.0,10422.0,0.0,407.0,1144.0,35.1,35.6,1.21,13.0,90.0,2025-06-01,2025-06-30
Canada,2025-07,30,1,14950.0,1952.0,12998.0,0.0,785.0,1919.0,40.2,40.9,1.69,16.7,86.9,2025-07-01,2025-07-31
Canada,2025-08,31,1,14811.0,2088.0,12723.0,0.0,786.0,2057.0,37.6,38.2,1.48,16.7,85.9,2025-08-01,2025-08-31
Canada,2025-09,30,1,14093.0,1462.0,12631.0,0.0,618.0,1425.0,42.3,43.4,2.53,16.7,89.6,2025-09-01,2025-09-30
Canada,2025-10,31,1,15361.0,1736.0,13625.0,0.0,454.0,1692.0,26.2,26.8,2.53,16.7,88.7,2025-10-01,2025-10-31
Canada,2025-11,30,1,14854.0,1839.0,13015.0,0.0,432.0,1793.0,23.5,24.1,2.5,16.7,87.6,2025-11-01,2025-11-30
Canada,2025-12,31,1,15106.0,2605.0,12501.0,0.0,721.0,2569.0,27.7,28.1,1.38,16.7,82.8,2025-12-01,2025-12-31
Canada,2026-01,30,1,15195.0,1594.0,13601.0,0.0,607.0,1556.0,38.1,39.0,2.38,16.7,89.5,2026-01-01,2026-01-31
Canada,2026-02,28,1,13557.0,1176.0,12381.0,0.0,592.0,1146.0,50.3,51.7,2.55,16.7,91.3,2026-02-01,2026-02-28
China,2023-01,18,3,3520.0,1102.0,2418.0,0.0,149.0,1091.0,13.5,13.7,1.0,10.4,68.7,2023-01-01,2023-01-31
China,2023-02,20,3,4451.0,1471.0,2980.0,0.0,179.0,1471.0,12.2,12.2,0.0,9.9,67.0,2023-02-01,2023-02-28
China,2023-03,22,3,3844.0,972.0,2872.0,0.0,140.0,972.0,14.4,14.4,0.0,9.9,74.7,2023-03-01,2023-03-31
China,2023-04,21,3,3423.0,1103.0,2320.0,0.0,122.0,1096.0,11.1,11.1,0.63,10.9,67.8,2023-04-01,2023-04-29
China,2023-05,40,3,7587.0,1882.0,5705.0,0.0,256.0,1876.0,13.6,13.6,0.32,9.9,75.2,2023-05-01,2023-05-31
China,2023-06,43,3,8538.0,1752.0,6786.0,0.0,222.0,1745.0,12.7,12.7,0.4,10.0,79.5,2023-06-01,2023-06-30
China,2023-07,43,3,10478.0,1703.0,8775.0,0.0,275.0,1698.0,16.1,16.2,0.29,10.4,83.7,2023-07-01,2023-07-30
China,2023-08,46,3,11323.0,1757.0,9566.0,0.0,145.0,1748.0,8.3,8.3,0.51,10.6,84.5,2023-08-01,2023-08-31
China,2023-09,42,3,10446.0,1407.0,9039.0,0.0,113.0,1405.0,8.0,8.0,0.14,10.6,86.5,2023-09-01,2023-09-30
China,2023-10,45,3,9339.0,1699.0,7640.0,0.0,297.0,1693.0,17.5,17.5,0.35,10.7,81.8,2023-10-01,2023-10-31
China,2023-11,62,3,10881.0,2603.0,8278.0,0.0,458.0,2598.0,17.6,17.6,0.19,10.1,76.1,2023-11-01,2023-11-30
China,2023-12,67,3,9117.0,2787.0,6330.0,0.0,510.0,2779.0,18.3,18.4,0.29,9.7,69.4,2023-12-01,2023-12-31
China,2024-01,66,3,12829.0,4815.0,8014.0,0.0,484.0,4803.0,10.1,10.1,0.25,10.5,62.5,2024-01-01,2024-01-31
China,2024-02,57,3,11542.0,5050.0,6492.0,0.0,630.0,5033.0,12.5,12.5,0.34,9.8,56.2,2024-02-01,2024-02-29
China,2024-03,41,2,8527.0,3138.0,5389.0,0.0,344.0,3136.0,11.0,11.0,0.06,9.7,63.2,2024-03-01,2024-03-31
China,2024-04,38,2,8043.0,2573.0,5470.0,0.0,276.0,2567.0,10.7,10.8,0.23,9.8,68.0,2024-04-01,2024-04-30
China,2024-05,39,2,7743.0,2178.0,5565.0,0.0,312.0,2173.0,14.3,14.4,0.23,9.8,71.9,2024-05-01,2024-05-31
China,2024-06,42,2,8809.0,1835.0,6974.0,0.0,327.0,1833.0,17.8,17.8,0.11,9.8,79.2,2024-06-01,2024-06-30
China,2024-07,42,2,11153.0,1897.0,9256.0,0.0,316.0,1893.0,16.7,16.7,0.21,9.7,83.0,2024-07-01,2024-07-31
China,2024-08,38,2,11598.0,2030.0,9568.0,0.0,261.0,2025.0,12.9,12.9,0.25,9.7,82.5,2024-08-01,2024-08-31
China,2024-09,41,2,11812.0,1902.0,9910.0,0.0,235.0,1896.0,12.4,12.4,0.32,9.7,83.9,2024-09-01,2024-09-30
China,2024-10,41,2,9610.0,2297.0,7313.0,0.0,382.0,2292.0,16.6,16.7,0.22,9.7,76.1,2024-10-01,2024-10-31
China,2024-11,28,2,7212.0,2433.0,4779.0,0.0,299.0,2430.0,12.3,12.3,0.12,9.7,66.3,2024-11-02,2024-11-30
China,2024-12,30,2,6914.0,2611.0,4303.0,0.0,330.0,2604.0,12.6,12.7,0.27,9.7,62.2,2024-12-01,2024-12-30
China,2025-01,31,2,8063.0,2896.0,5167.0,0.0,302.0,2891.0,10.4,10.4,0.17,9.7,64.1,2025-01-01,2025-01-31
China,2025-02,27,2,6687.0,2465.0,4222.0,0.0,330.0,2463.0,13.4,13.4,0.08,9.8,63.1,2025-02-01,2025-02-27
China,2025-03,31,2,6626.0,2107.0,4519.0,0.0,238.0,2105.0,11.3,11.3,0.09,10.4,68.2,2025-03-01,2025-03-31
China,2025-04,29,2,8156.0,2093.0,6063.0,0.0,227.0,2082.0,10.8,10.9,0.53,9.7,74.3,2025-04-01,2025-04-30
China,2025-05,18,1,4506.0,832.0,3674.0,0.0,165.0,831.0,19.8,19.9,0.12,9.7,81.5,2025-05-02,2025-05-31
China,2025-06,16,1,4173.0,802.0,3371.0,0.0,133.0,799.0,16.6,16.6,0.37,10.1,80.8,2025-06-02,2025-06-30
China,2025-07,26,1,7431.0,1107.0,6324.0,0.0,167.0,1105.0,15.1,15.1,0.18,9.9,85.1,2025-07-02,2025-07-31
China,2025-08,25,1,8313.0,1294.0,7019.0,0.0,151.0,1291.0,11.7,11.7,0.23,9.7,84.4,2025-08-01,2025-08-31
China,2025-09,25,1,8536.0,1056.0,7480.0,0.0,115.0,1055.0,10.9,10.9,0.09,9.7,87.6,2025-09-01,2025-09-30
China,2025-10,23,1,7873.0,1596.0,6277.0,0.0,220.0,1594.0,13.8,13.8,0.13,9.7,79.7,2025-10-01,2025-10-31
China,2025-11,29,1,7940.0,2353.0,5587.0,0.0,379.0,2347.0,16.1,16.1,0.25,10.0,70.4,2025-11-01,2025-11-30
China,2025-12,31,1,7475.0,2732.0,4743.0,0.0,430.0,2729.0,15.7,15.8,0.11,10.3,63.5,2025-12-01,2025-12-31
China,2026-01,31,1,8140.0,2637.0,5503.0,0.0,269.0,2632.0,10.2,10.2,0.19,10.1,67.6,2026-01-01,2026-01-31
China,2026-02,28,1,7559.0,2553.0,5006.0,0.0,225.0,2545.0,8.8,8.8,0.31,9.7,66.2,2026-02-01,2026-02-28
Egypt,2023-01,31,1,10716.0,7398.0,3318.0,0.0,353.0,7281.0,4.8,4.8,1.58,4.3,31.0,2023-01-01,2023-01-31
Egypt,2023-02,28,1,9582.0,4887.0,4695.0,0.0,326.0,4820.0,6.7,6.8,1.37,4.2,49.0,2023-02-01,2023-02-28
Egypt,2023-03,31,1,9531.0,4601.0,4930.0,0.0,135.0,4544.0,2.9,3.0,1.24,4.3,51.7,2023-03-01,2023-03-31
Egypt,2023-04,30,1,10202.0,5664.0,4538.0,0.0,151.0,5585.0,2.7,2.7,1.39,4.4,44.5,2023-04-01,2023-04-30
Egypt,2023-05,31,1,11246.0,6517.0,4729.0,0.0,228.0,6423.0,3.5,3.5,1.44,4.5,42.1,2023-05-01,2023-05-31
Egypt,2023-06,30,1,10173.0,5408.0,4765.0,0.0,192.0,5303.0,3.6,3.6,1.94,4.5,46.8,2023-06-01,2023-06-30
Egypt,2023-07,31,1,10895.0,6624.0,4271.0,0.0,225.0,6510.0,3.4,3.5,1.72,4.5,39.2,2023-07-01,2023-07-31
Egypt,2023-08,31,1,12822.0,8839.0,3983.0,0.0,108.0,8686.0,1.2,1.2,1.73,4.3,31.1,2023-08-01,2023-08-31
Egypt,2023-09,30,1,11661.0,6075.0,5586.0,0.0,199.0,5973.0,3.3,3.3,1.68,4.5,47.9,2023-09-01,2023-09-30
Egypt,2023-10,31,1,12315.0,6659.0,5656.0,0.0,268.0,6596.0,4.0,4.1,0.95,4.2,45.9,2023-10-01,2023-10-31
Egypt,2023-11,32,2,12384.0,7155.0,5229.0,0.0,320.0,7081.0,4.5,4.5,1.03,4.5,42.2,2023-11-01,2023-11-30
Egypt,2023-12,35,2,13546.0,9145.0,4401.0,0.0,450.0,9016.0,4.9,5.0,1.41,4.9,32.5,2023-12-01,2023-12-31
Egypt,2024-01,34,2,16954.0,10771.0,6183.0,0.0,590.0,10646.0,5.5,5.5,1.16,5.3,36.5,2024-01-01,2024-01-31
Egypt,2024-02,32,2,17012.0,9596.0,7416.0,0.0,583.0,9507.0,6.1,6.1,0.93,5.4,43.6,2024-02-01,2024-02-29
Egypt,2024-03,33,2,14140.0,7823.0,6317.0,0.0,428.0,7737.0,5.5,5.5,1.1,4.8,44.7,2024-03-01,2024-03-31
Egypt,2024-04,32,2,16093.0,10957.0,5136.0,0.0,722.0,10813.0,6.6,6.7,1.31,6.3,31.9,2024-04-01,2024-04-30
Egypt,2024-05,32,2,16872.0,9853.0,7019.0,0.0,567.0,9713.0,5.8,5.8,1.42,5.4,41.6,2024-05-01,2024-05-31
Egypt,2024-06,30,1,17164.0,9660.0,7504.0,0.0,560.0,9519.0,5.8,5.9,1.46,6.6,43.7,2024-06-01,2024-06-30
Egypt,2024-07,31,1,20644.0,12305.0,8339.0,0.0,548.0,12133.0,4.5,4.5,1.4,6.2,40.4,2024-07-01,2024-07-31
Egypt,2024-08,31,1,25121.0,17571.0,7550.0,0.0,743.0,17236.0,4.2,4.3,1.91,5.7,30.1,2024-08-01,2024-08-31
Egypt,2024-09,30,1,22411.0,11864.0,10547.0,0.0,584.0,11719.0,4.9,5.0,1.22,5.7,47.1,2024-09-01,2024-09-30
Egypt,2024-10,31,1,24074.0,14656.0,9418.0,0.0,677.0,14485.0,4.6,4.7,1.17,5.7,39.1,2024-10-01,2024-10-31
Egypt,2024-11,30,1,21304.0,11874.0,9430.0,0.0,619.0,11729.0,5.2,5.3,1.22,6.0,44.3,2024-11-01,2024-11-30
Egypt,2024-12,32,2,21596.0,13753.0,7843.0,0.0,704.0,13582.0,5.1,5.2,1.24,5.3,36.3,2024-12-01,2024-12-31
Egypt,2025-01,31,1,18762.0,12409.0,6353.0,0.0,579.0,12247.0,4.7,4.7,1.31,5.8,33.9,2025-01-01,2025-01-31
Egypt,2025-02,28,1,14424.0,8264.0,6160.0,0.0,505.0,8176.0,6.1,6.2,1.06,6.0,42.7,2025-02-01,2025-02-28
Egypt,2025-03,31,1,11561.0,7177.0,4384.0,0.0,331.0,7089.0,4.6,4.7,1.23,5.4,37.9,2025-03-01,2025-03-31
Egypt,2025-04,30,1,8346.0,6524.0,1822.0,0.0,294.0,6424.0,4.5,4.6,1.53,5.4,21.8,2025-04-01,2025-04-30
Egypt,2025-05,31,1,10248.0,6753.0,3495.0,0.0,334.0,6667.0,4.9,5.0,1.27,4.8,34.1,2025-05-01,2025-05-31
Egypt,2025-06,30,1,12473.0,9977.0,2496.0,0.0,352.0,9822.0,3.5,3.6,1.55,4.6,20.0,2025-06-01,2025-06-30
Egypt,2025-07,35,2,17126.0,13713.0,3413.0,0.0,431.0,13500.0,3.1,3.2,1.55,4.6,19.9,2025-07-01,2025-07-31
Egypt,2025-08,40,2,20201.0,18166.0,2035.0,0.0,699.0,17797.0,3.8,3.9,2.03,4.8,10.1,2025-08-01,2025-08-31
Egypt,2025-09,30,1,12697.0,9207.0,3490.0,0.0,332.0,9055.0,3.6,3.7,1.65,4.4,27.5,2025-09-01,2025-09-30
Egypt,2025-10,31,1,11457.0,7706.0,3751.0,0.0,167.0,7600.0,2.2,2.2,1.38,2.7,32.7,2025-10-01,2025-10-31
Egypt,2025-11,30,1,13778.0,8770.0,5008.0,0.0,297.0,8649.0,3.4,3.4,1.38,3.8,36.3,2025-11-01,2025-11-30
Egypt,2025-12,31,1,15962.0,11102.0,4860.0,0.0,350.0,10950.0,3.2,3.2,1.37,3.9,30.4,2025-12-01,2025-12-31
Egypt,2026-01,31,1,16406.0,10647.0,5759.0,0.0,420.0,10522.0,3.9,4.0,1.17,4.6,35.1,2026-01-01,2026-01-31
Egypt,2026-02,28,1,10625.0,5677.0,4948.0,0.0,222.0,5595.0,3.9,4.0,1.44,5.1,46.6,2026-02-01,2026-02-28
France,2023-01,30,1,9593.0,2487.0,7106.0,0.0,696.0,2456.0,28.0,28.3,1.25,13.5,74.1,2023-01-01,2023-01-31
France,2023-02,28,1,8500.0,2665.0,5835.0,0.0,715.0,2634.0,26.8,27.1,1.16,14.3,68.6,2023-02-01,2023-02-28
France,2023-03,31,1,7755.0,2167.0,5588.0,0.0,637.0,2146.0,29.4,29.7,0.97,14.5,72.1,2023-03-01,2023-03-31
France,2023-04,30,1,7985.0,2577.0,5408.0,0.0,489.0,2538.0,19.0,19.3,1.51,14.4,67.7,2023-04-01,2023-04-30
France,2023-05,31,1,8988.0,2023.0,6965.0,0.0,654.0,2007.0,32.3,32.6,0.79,14.2,77.5,2023-05-01,2023-05-31
France,2023-06,30,1,8782.0,1645.0,7137.0,0.0,526.0,1626.0,32.0,32.3,1.16,14.3,81.3,2023-06-01,2023-06-30
France,2023-07,31,1,10133.0,2080.0,8053.0,0.0,195.0,2063.0,9.4,9.5,0.82,10.6,79.5,2023-07-01,2023-07-31
France,2023-08,31,1,10277.0,2788.0,7489.0,0.0,520.0,2734.0,18.7,19.0,1.94,11.0,72.9,2023-08-01,2023-08-31
France,2023-09,29,1,9789.0,1834.0,7955.0,0.0,496.0,1816.0,27.0,27.3,0.98,11.5,81.3,2023-09-01,2023-09-30
France,2023-10,31,1,10997.0,2781.0,8216.0,0.0,486.0,2741.0,17.5,17.7,1.44,11.9,74.7,2023-10-01,2023-10-31
France,2023-11,30,1,9720.0,2216.0,7504.0,0.0,601.0,2199.0,27.1,27.3,0.77,11.5,77.2,2023-11-01,2023-11-30
France,2023-12,31,1,10140.0,3876.0,6264.0,0.0,657.0,3828.0,17.0,17.2,1.24,11.0,61.8,2023-12-01,2023-12-31
France,2024-01,31,1,10578.0,2505.0,8073.0,0.0,554.0,2481.0,22.1,22.3,0.96,11.5,76.3,2024-01-01,2024-01-31
France,2024-02,29,1,10580.0,2605.0,7975.0,0.0,695.0,2575.0,26.7,27.0,1.15,11.8,75.4,2024-02-01,2024-02-29
France,2024-03,30,1,9414.0,1957.0,7457.0,0.0,455.0,1948.0,23.2,23.4,0.46,11.7,79.2,2024-03-01,2024-03-31
France,2024-04,30,1,10308.0,3112.0,7196.0,0.0,549.0,3057.0,17.6,18.0,1.77,11.9,69.8,2024-04-01,2024-04-30
France,2024-05,30,1,10164.0,2393.0,7771.0,0.0,607.0,2369.0,25.4,25.6,1.0,11.8,76.5,2024-05-01,2024-05-31
France,2024-06,35,2,10985.0,2583.0,8402.0,0.0,579.0,2557.0,22.4,22.6,1.01,11.6,76.5,2024-06-01,2024-06-30
France,2024-07,39,2,12971.0,2753.0,10218.0,0.0,519.0,2718.0,18.9,19.1,1.27,11.4,78.8,2024-07-01,2024-07-31
France,2024-08,39,2,12979.0,3918.0,9061.0,0.0,603.0,3872.0,15.4,15.6,1.17,11.5,69.8,2024-08-01,2024-08-31
France,2024-09,34,2,10903.0,2198.0,8705.0,0.0,577.0,2176.0,26.3,26.5,1.0,11.5,79.8,2024-09-01,2024-09-30
France,2024-10,31,1,11353.0,3047.0,8306.0,0.0,527.0,3011.0,17.3,17.5,1.18,11.8,73.2,2024-10-01,2024-10-31
France,2024-11,29,1,12757.0,2808.0,9949.0,0.0,969.0,2777.0,34.5,34.9,1.1,16.5,78.0,2024-11-01,2024-11-30
France,2024-12,28,1,13874.0,4202.0,9672.0,0.0,998.0,4160.0,23.8,24.0,1.0,16.7,69.7,2024-12-01,2024-12-31
France,2025-01,31,1,16912.0,3390.0,13522.0,0.0,1065.0,3362.0,31.4,31.7,0.83,16.2,80.0,2025-01-01,2025-01-31
France,2025-02,28,1,19243.0,4500.0,14743.0,0.0,1611.0,4441.0,35.8,36.3,1.31,16.1,76.6,2025-02-01,2025-02-28
France,2025-03,31,1,15357.0,2369.0,12988.0,0.0,685.0,2348.0,28.9,29.2,0.89,16.1,84.6,2025-03-01,2025-03-31
France,2025-04,30,1,20613.0,7058.0,13555.0,0.0,1459.0,6947.0,20.7,21.0,1.57,16.4,65.8,2025-04-01,2025-04-30
France,2025-05,31,1,18564.0,3851.0,14713.0,0.0,1343.0,3810.0,34.9,35.2,1.06,16.3,79.3,2025-05-01,2025-05-31
France,2025-06,38,2,21614.0,3541.0,18073.0,0.0,1157.0,3501.0,32.7,33.0,1.13,15.5,83.6,2025-06-01,2025-06-30
France,2025-07,40,2,23784.0,3836.0,19948.0,0.0,898.0,3799.0,23.4,23.6,0.96,15.4,83.9,2025-07-01,2025-07-31
France,2025-08,40,2,23907.0,6601.0,17306.0,0.0,1251.0,6503.0,19.0,19.2,1.48,15.5,72.4,2025-08-01,2025-08-31
France,2025-09,32,2,19514.0,3546.0,15968.0,0.0,1161.0,3502.0,32.7,33.2,1.24,16.1,81.8,2025-09-01,2025-09-30
France,2025-10,31,1,22123.0,6135.0,15988.0,0.0,1514.0,6032.0,24.7,25.1,1.68,16.3,72.3,2025-10-01,2025-10-31
France,2025-11,30,1,19896.0,4399.0,15497.0,0.0,1504.0,4360.0,34.2,34.5,0.89,16.3,77.9,2025-11-01,2025-11-30
France,2025-12,31,1,21319.0,6453.0,14866.0,0.0,1580.0,6367.0,24.5,24.8,1.33,16.1,69.7,2025-12-01,2025-12-31
France,2026-01,31,1,23811.0,4870.0,18941.0,0.0,1375.0,4807.0,28.2,28.6,1.29,15.7,79.5,2026-01-01,2026-01-31
France,2026-02,28,1,21328.0,4354.0,16974.0,0.0,1284.0,4303.0,29.5,29.8,1.17,15.7,79.6,2026-02-01,2026-02-28
Germany,2023-01,62,2,17625.0,5082.0,12543.0,0.0,781.0,4994.0,15.4,15.6,1.73,9.7,71.2,2023-01-01,2023-01-31
Germany,2023-02,54,2,16268.0,4688.0,11580.0,0.0,757.0,4624.0,16.1,16.4,1.37,9.7,71.2,2023-02-01,2023-02-28
Germany,2023-03,60,2,16492.0,4593.0,11899.0,0.0,574.0,4511.0,12.5,12.7,1.79,9.7,72.2,2023-03-01,2023-03-31
Germany,2023-04,60,2,15076.0,5119.0,9957.0,0.0,563.0,5046.0,11.0,11.2,1.43,9.8,66.0,2023-04-01,2023-04-30
Germany,2023-05,62,2,19828.0,7016.0,12812.0,0.0,848.0,6914.0,12.1,12.3,1.45,9.7,64.6,2023-05-01,2023-05-31
Germany,2023-06,60,2,17981.0,4179.0,13802.0,0.0,636.0,4121.0,15.2,15.4,1.39,9.8,76.8,2023-06-01,2023-06-30
Germany,2023-07,62,2,22643.0,4186.0,18457.0,0.0,340.0,4123.0,8.1,8.2,1.51,9.7,81.5,2023-07-01,2023-07-31
Germany,2023-08,62,2,21984.0,6712.0,15272.0,0.0,1010.0,6614.0,15.0,15.3,1.46,9.9,69.5,2023-08-01,2023-08-31
Germany,2023-09,61,3,20767.0,4816.0,15951.0,0.0,683.0,4740.0,14.2,14.4,1.58,9.7,76.8,2023-09-01,2023-09-30
Germany,2023-10,76,3,27203.0,6985.0,20218.0,0.0,825.0,6908.0,11.8,11.9,1.1,9.8,74.3,2023-10-01,2023-10-31
Germany,2023-11,70,3,24833.0,5350.0,19483.0,0.0,914.0,5270.0,17.1,17.3,1.5,9.7,78.5,2023-11-01,2023-11-30
Germany,2023-12,73,3,29267.0,7885.0,21382.0,0.0,849.0,7748.0,10.8,11.0,1.74,9.7,73.1,2023-12-01,2023-12-31
Germany,2024-01,75,3,26143.0,5163.0,20980.0,0.0,880.0,5081.0,17.0,17.3,1.59,9.7,80.3,2024-01-01,2024-01-31
Germany,2024-02,71,3,28094.0,6600.0,21494.0,0.0,1054.0,6494.0,16.0,16.2,1.61,9.7,76.5,2024-02-01,2024-02-29
Germany,2024-03,74,3,28197.0,6970.0,21227.0,0.0,794.0,6871.0,11.4,11.6,1.42,9.9,75.3,2024-03-01,2024-03-31
Germany,2024-04,60,2,21560.0,6321.0,15239.0,0.0,858.0,6204.0,13.6,13.8,1.85,9.9,70.7,2024-04-01,2024-04-30
Germany,2024-05,61,2,20196.0,7339.0,12857.0,0.0,994.0,7258.0,13.5,13.7,1.1,9.9,63.7,2024-05-01,2024-05-31
Germany,2024-06,60,2,19332.0,4417.0,14915.0,0.0,800.0,4348.0,18.1,18.4,1.56,10.0,77.2,2024-06-01,2024-06-30
Germany,2024-07,62,2,25838.0,3985.0,21853.0,0.0,666.0,3929.0,16.7,17.0,1.41,10.0,84.6,2024-07-01,2024-07-31
Germany,2024-08,62,2,26089.0,7544.0,18545.0,0.0,1086.0,7420.0,14.4,14.6,1.64,9.9,71.1,2024-08-01,2024-08-31
Germany,2024-09,60,2,23919.0,5820.0,18099.0,0.0,843.0,5735.0,14.5,14.7,1.46,10.1,75.7,2024-09-01,2024-09-30
Germany,2024-10,63,3,27843.0,6521.0,21322.0,0.0,866.0,6430.0,13.3,13.5,1.4,10.0,76.6,2024-10-01,2024-10-31
Germany,2024-11,73,3,30214.0,5106.0,25108.0,0.0,967.0,5027.0,18.9,19.2,1.55,9.9,83.1,2024-11-01,2024-11-30
Germany,2024-12,75,3,34356.0,7425.0,26931.0,0.0,1001.0,7324.0,13.5,13.7,1.36,9.9,78.4,2024-12-01,2024-12-31
Germany,2025-01,75,3,30318.0,4992.0,25326.0,0.0,938.0,4894.0,18.8,19.2,1.96,9.9,83.5,2025-01-01,2025-01-31
Germany,2025-02,68,3,33480.0,6200.0,27280.0,0.0,1053.0,6105.0,17.0,17.2,1.53,9.9,81.5,2025-02-01,2025-02-28
Germany,2025-03,75,3,32121.0,5803.0,26318.0,0.0,897.0,5689.0,15.5,15.8,1.96,9.9,81.9,2025-03-01,2025-03-31
Germany,2025-04,73,3,31581.0,9078.0,22503.0,0.0,1082.0,8964.0,11.9,12.1,1.26,9.7,71.3,2025-04-01,2025-04-30
Germany,2025-05,76,3,30602.0,6942.0,23660.0,0.0,1190.0,6840.0,17.1,17.4,1.47,9.7,77.3,2025-05-01,2025-05-31
Germany,2025-06,72,3,28908.0,6583.0,22325.0,0.0,1139.0,6510.0,17.3,17.5,1.11,9.8,77.2,2025-06-01,2025-06-30
Germany,2025-07,77,4,38254.0,5239.0,33015.0,0.0,843.0,5167.0,16.1,16.3,1.37,9.8,86.3,2025-07-01,2025-07-31
Germany,2025-08,80,3,40402.0,8550.0,31852.0,0.0,1352.0,8431.0,15.8,16.0,1.39,9.8,78.8,2025-08-01,2025-08-31
Germany,2025-09,81,3,37249.0,7205.0,30044.0,0.0,1173.0,7112.0,16.3,16.5,1.29,9.9,80.7,2025-09-01,2025-09-30
Germany,2025-10,93,3,41091.0,9458.0,31633.0,0.0,1120.0,9335.0,11.8,12.0,1.3,9.9,77.0,2025-10-01,2025-10-31
Germany,2025-11,90,3,39686.0,7428.0,32258.0,0.0,1146.0,7325.0,15.4,15.6,1.39,10.0,81.3,2025-11-01,2025-11-30
Germany,2025-12,92,3,40737.0,9579.0,31158.0,0.0,974.0,9437.0,10.2,10.3,1.48,10.0,76.5,2025-12-01,2025-12-31
Germany,2026-01,93,3,36821.0,5163.0,31658.0,0.0,1022.0,5060.0,19.8,20.2,1.99,10.2,86.0,2026-01-01,2026-01-31
Germany,2026-02,83,3,36103.0,5600.0,30503.0,0.0,905.0,5524.0,16.2,16.4,1.36,10.1,84.5,2026-02-01,2026-02-28
India,2023-01,217,7,86815.0,14139.0,72676.0,0.0,2981.0,13962.0,21.1,21.4,1.25,9.0,83.7,2023-01-01,2023-01-31
India,2023-02,196,7,77572.0,16944.0,60628.0,0.0,2524.0,16725.0,14.9,15.1,1.29,8.6,78.2,2023-02-01,2023-02-28
India,2023-03,222,8,81281.0,18524.0,62757.0,0.0,632.0,18300.0,3.4,3.5,1.21,8.4,77.2,2023-03-01,2023-03-31
India,2023-04,240,8,93263.0,22630.0,70633.0,0.0,1058.0,22296.0,4.7,4.7,1.48,8.2,75.7,2023-04-01,2023-04-30
India,2023-05,248,8,112071.0,23907.0,88164.0,0.0,1217.0,23613.0,5.1,5.2,1.23,8.3,78.7,2023-05-01,2023-05-31
India,2023-06,240,8,87860.0,16755.0,71105.0,0.0,736.0,16568.0,4.4,4.4,1.12,7.9,80.9,2023-06-01,2023-06-30
India,2023-07,247,8,95871.0,25998.0,69873.0,0.0,1161.0,25695.0,4.5,4.5,1.17,8.1,72.9,2023-07-01,2023-07-31
India,2023-08,248,8,121815.0,31258.0,90557.0,0.0,951.0,30845.0,3.0,3.1,1.32,8.1,74.3,2023-08-01,2023-08-31
India,2023-09,240,8,122337.0,25660.0,96677.0,0.0,1121.0,25313.0,4.4,4.4,1.35,7.6,79.0,2023-09-01,2023-09-30
India,2023-10,248,8,106555.0,32444.0,74111.0,0.0,1556.0,32043.0,4.8,4.9,1.24,7.5,69.6,2023-10-01,2023-10-31
India,2023-11,243,9,112714.0,32294.0,80391.0,29.0,2025.0,31908.0,6.3,6.3,1.2,7.5,71.3,2023-11-01,2023-11-30
India,2023-12,248,8,129560.0,40362.0,89198.0,0.0,2815.0,39799.0,7.0,7.1,1.39,7.5,68.8,2023-12-01,2023-12-31
India,2024-01,301,10,143976.0,32805.0,111171.0,0.0,2467.0,32295.0,7.5,7.6,1.55,7.4,77.2,2024-01-01,2024-01-31
India,2024-02,284,10,133425.0,29253.0,104172.0,0.0,2604.0,28880.0,8.9,9.0,1.28,7.6,78.1,2024-02-01,2024-02-29
India,2024-03,304,10,137778.0,28865.0,108913.0,0.0,1827.0,28462.0,6.3,6.4,1.4,7.5,79.0,2024-03-01,2024-03-31
India,2024-04,292,10,139510.0,35127.0,104383.0,0.0,2159.0,34590.0,6.1,6.2,1.53,7.5,74.8,2024-04-01,2024-04-30
India,2024-05,303,10,145655.0,25039.0,120616.0,0.0,2301.0,24704.0,9.2,9.3,1.34,7.5,82.8,2024-05-01,2024-05-31
India,2024-06,305,11,126651.0,23634.0,103017.0,0.0,1735.0,23302.0,7.3,7.4,1.4,7.2,81.3,2024-06-01,2024-06-30
India,2024-07,318,11,131943.0,30052.0,101891.0,0.0,1891.0,29666.0,6.3,6.4,1.28,7.3,77.2,2024-07-01,2024-07-31
India,2024-08,323,11,151646.0,43085.0,108561.0,0.0,1650.0,42415.0,3.8,3.9,1.56,7.3,71.6,2024-08-01,2024-08-31
India,2024-09,310,11,144475.0,31493.0,112982.0,0.0,2390.0,31020.0,7.6,7.7,1.5,7.6,78.2,2024-09-01,2024-09-30
India,2024-10,321,11,133941.0,43088.0,90853.0,0.0,2329.0,42469.0,5.4,5.5,1.44,7.7,67.8,2024-10-01,2024-10-31
India,2024-11,312,11,141364.0,46960.0,94404.0,0.0,2352.0,46153.0,5.0,5.1,1.72,7.9,66.8,2024-11-01,2024-11-30
India,2024-12,330,11,150174.0,55400.0,94774.0,0.0,3112.0,54533.0,5.6,5.7,1.56,7.9,63.1,2024-12-01,2024-12-31
India,2025-01,330,11,159625.0,43405.0,116220.0,0.0,2116.0,42731.0,4.9,5.0,1.55,7.7,72.8,2025-01-01,2025-01-31
India,2025-02,299,11,146305.0,35204.0,111101.0,0.0,1974.0,34680.0,5.6,5.7,1.49,7.3,75.9,2025-02-01,2025-02-28
India,2025-03,332,11,155929.0,38943.0,116986.0,0.0,1559.0,38337.0,4.0,4.1,1.56,7.4,75.0,2025-03-01,2025-03-31
India,2025-04,318,11,151538.0,53574.0,97964.0,0.0,2375.0,52863.0,4.4,4.5,1.33,7.7,64.6,2025-04-01,2025-04-30
India,2025-05,335,11,154331.0,38845.0,115486.0,0.0,2055.0,38301.0,5.3,5.4,1.4,7.7,74.8,2025-05-01,2025-05-31
India,2025-06,320,11,141078.0,36841.0,104237.0,0.0,1569.0,36204.0,4.3,4.3,1.73,7.6,73.9,2025-06-01,2025-06-30
India,2025-07,330,11,142989.0,35706.0,107283.0,0.0,1708.0,35037.0,4.8,4.9,1.87,7.5,75.0,2025-07-01,2025-07-31
India,2025-08,330,11,160698.0,50548.0,110150.0,0.0,1431.0,49670.0,2.8,2.9,1.74,7.5,68.5,2025-08-01,2025-08-31
India,2025-09,321,11,157105.0,41575.0,115530.0,0.0,1642.0,40876.0,3.9,4.0,1.68,7.4,73.5,2025-09-01,2025-09-30
India,2025-10,331,11,147808.0,53622.0,94186.0,0.0,2057.0,52614.0,3.8,3.9,1.88,7.7,63.7,2025-10-01,2025-10-31
India,2025-11,320,11,152756.0,53883.0,98873.0,0.0,2100.0,52880.0,3.9,4.0,1.86,7.7,64.7,2025-11-01,2025-11-30
India,2025-12,333,11,157067.0,64094.0,92973.0,0.0,2678.0,62950.0,4.2,4.3,1.78,7.5,59.2,2025-12-01,2025-12-31
India,2026-01,331,11,162977.0,55101.0,107876.0,0.0,1867.0,54047.0,3.4,3.5,1.91,7.4,66.2,2026-01-01,2026-01-31
India,2026-02,296,11,144777.0,42280.0,102497.0,0.0,1644.0,41536.0,3.9,4.0,1.76,7.5,70.8,2026-02-01,2026-02-28
Ireland,2023-01,31,1,9563.0,1178.0,8385.0,0.0,310.0,1158.0,26.3,26.8,1.7,9.8,87.7,2023-01-01,2023-01-31
Ireland,2023-02,28,1,7625.0,1184.0,6441.0,0.0,279.0,1167.0,23.6,23.9,1.44,9.7,84.5,2023-02-01,2023-02-28
Ireland,2023-03,31,1,8093.0,1126.0,6967.0,0.0,131.0,1106.0,11.6,11.8,1.78,9.9,86.1,2023-03-01,2023-03-31
Ireland,2023-04,30,1,8605.0,1450.0,7155.0,0.0,214.0,1427.0,14.8,15.0,1.59,10.7,83.1,2023-04-01,2023-04-30
Ireland,2023-05,30,1,9149.0,789.0,8360.0,0.0,201.0,776.0,25.5,25.9,1.65,10.3,91.4,2023-05-01,2023-05-31
Ireland,2023-06,30,1,9882.0,693.0,9189.0,0.0,64.0,687.0,9.2,9.3,0.87,11.1,93.0,2023-06-01,2023-06-30
Ireland,2023-07,31,1,9480.0,1110.0,8370.0,0.0,2.0,1088.0,0.2,0.2,1.98,10.6,88.3,2023-07-01,2023-07-31
Ireland,2023-08,31,1,8929.0,1984.0,6945.0,0.0,122.0,1944.0,6.1,6.3,2.02,9.7,77.8,2023-08-01,2023-08-31
Ireland,2023-09,30,1,8538.0,787.0,7751.0,0.0,67.0,768.0,8.5,8.7,2.41,10.2,90.8,2023-09-01,2023-09-30
Ireland,2023-10,31,1,10194.0,1360.0,8834.0,0.0,125.0,1345.0,9.2,9.3,1.1,10.9,86.7,2023-10-01,2023-10-31
Ireland,2023-11,30,1,9759.0,1411.0,8348.0,0.0,227.0,1382.0,16.1,16.4,2.06,10.9,85.5,2023-11-01,2023-11-30
Ireland,2023-12,30,1,10505.0,1845.0,8660.0,0.0,83.0,1817.0,4.5,4.6,1.52,8.8,82.4,2023-12-01,2023-12-31
Ireland,2024-01,30,1,10454.0,1215.0,9239.0,0.0,141.0,1195.0,11.6,11.8,1.65,10.9,88.4,2024-01-01,2024-01-31
Ireland,2024-02,29,1,8966.0,1447.0,7519.0,0.0,266.0,1429.0,18.4,18.6,1.24,11.2,83.9,2024-02-01,2024-02-29
Ireland,2024-03,31,1,9987.0,1677.0,8310.0,0.0,147.0,1660.0,8.8,8.9,1.01,10.7,83.2,2024-03-01,2024-03-31
Ireland,2024-04,30,1,8542.0,1092.0,7450.0,0.0,185.0,1069.0,16.9,17.3,2.11,9.8,87.2,2024-04-01,2024-04-30
Ireland,2024-05,30,1,8958.0,747.0,8211.0,0.0,174.0,738.0,23.3,23.6,1.2,9.8,91.7,2024-05-01,2024-05-31
Ireland,2024-06,30,1,10903.0,998.0,9905.0,0.0,147.0,983.0,14.7,15.0,1.5,10.5,90.8,2024-06-01,2024-06-30
Ireland,2024-07,31,1,12254.0,1092.0,11162.0,0.0,129.0,1081.0,11.8,11.9,1.01,10.6,91.1,2024-07-01,2024-07-31
Ireland,2024-08,31,1,14944.0,2495.0,12449.0,0.0,339.0,2439.0,13.6,13.9,2.24,10.4,83.3,2024-08-01,2024-08-31
Ireland,2024-09,30,1,13265.0,921.0,12344.0,0.0,239.0,903.0,26.0,26.5,1.95,10.3,93.1,2024-09-01,2024-09-30
Ireland,2024-10,31,1,15583.0,1800.0,13783.0,0.0,234.0,1779.0,13.0,13.2,1.17,10.3,88.4,2024-10-01,2024-10-31
Ireland,2024-11,30,1,11473.0,1044.0,10429.0,0.0,137.0,1033.0,13.1,13.3,1.05,8.4,90.9,2024-11-01,2024-11-30
Ireland,2024-12,30,1,11879.0,1793.0,10086.0,0.0,39.0,1772.0,2.2,2.2,1.17,7.2,84.9,2024-12-01,2024-12-31
Ireland,2025-01,30,1,12223.0,1428.0,10795.0,0.0,88.0,1388.0,6.2,6.3,2.8,7.4,88.3,2025-01-01,2025-01-31
Ireland,2025-02,28,1,10352.0,1436.0,8916.0,0.0,176.0,1419.0,12.3,12.4,1.18,8.0,86.1,2025-02-01,2025-02-28
Ireland,2025-03,31,1,9929.0,1082.0,8847.0,0.0,147.0,1070.0,13.6,13.7,1.11,7.5,89.1,2025-03-01,2025-03-31
Ireland,2025-04,30,1,11428.0,1547.0,9881.0,0.0,184.0,1524.0,11.9,12.1,1.49,7.9,86.5,2025-04-01,2025-04-30
Ireland,2025-05,31,1,11566.0,1097.0,10469.0,0.0,203.0,1079.0,18.5,18.8,1.64,7.7,90.5,2025-05-01,2025-05-31
Ireland,2025-06,30,1,11306.0,1109.0,10197.0,0.0,112.0,1091.0,10.1,10.3,1.62,8.6,90.2,2025-06-01,2025-06-30
Ireland,2025-07,31,1,14582.0,1738.0,12844.0,0.0,261.0,1711.0,15.0,15.3,1.55,9.2,88.1,2025-07-01,2025-07-31
Ireland,2025-08,31,1,15129.0,2645.0,12484.0,0.0,415.0,2574.0,15.7,16.1,2.68,8.9,82.5,2025-08-01,2025-08-31
Ireland,2025-09,30,1,12998.0,1311.0,11687.0,0.0,280.0,1298.0,21.4,21.6,0.99,8.0,89.9,2025-09-01,2025-09-30
Ireland,2025-10,31,1,15574.0,2131.0,13443.0,0.0,226.0,2102.0,10.6,10.8,1.36,8.3,86.3,2025-10-01,2025-10-31
Ireland,2025-11,30,1,14470.0,1664.0,12806.0,0.0,272.0,1641.0,16.3,16.6,1.38,9.0,88.5,2025-11-01,2025-11-30
Ireland,2025-12,30,1,15050.0,2326.0,12724.0,0.0,300.0,2291.0,12.9,13.1,1.5,9.3,84.5,2025-12-01,2025-12-31
Ireland,2026-01,30,1,14299.0,1515.0,12784.0,0.0,254.0,1477.0,16.8,17.2,2.51,10.5,89.4,2026-01-01,2026-01-31
Ireland,2026-02,28,1,11928.0,1727.0,10201.0,0.0,271.0,1702.0,15.7,15.9,1.45,8.9,85.5,2026-02-01,2026-02-28
Israel,2023-01,31,1,4949.0,4949.0,0.0,0.0,242.0,4912.0,4.9,4.9,0.75,6.6,0.0,2023-01-01,2023-01-31
Israel,2023-02,28,1,4724.0,4724.0,0.0,0.0,261.0,4700.0,5.5,5.6,0.51,6.9,0.0,2023-02-01,2023-02-28
Israel,2023-03,30,1,5273.0,1856.0,3417.0,0.0,134.0,1828.0,7.2,7.3,1.51,6.7,64.8,2023-03-01,2023-03-31
Israel,2023-04,30,1,4847.0,2237.0,2610.0,0.0,73.0,2161.0,3.3,3.4,3.4,8.3,53.8,2023-04-01,2023-04-30
Israel,2023-05,29,1,4091.0,1483.0,2608.0,0.0,101.0,1455.0,6.8,6.9,1.89,9.9,63.7,2023-05-01,2023-05-31
Israel,2023-06,28,1,3814.0,2262.0,1552.0,0.0,73.0,2217.0,3.2,3.3,1.99,8.3,40.7,2023-06-01,2023-06-30
Israel,2023-07,29,1,4406.0,2014.0,2392.0,0.0,31.0,1984.0,1.5,1.6,1.49,6.2,54.3,2023-07-01,2023-07-31
Israel,2023-08,31,1,5687.0,2720.0,2967.0,0.0,46.0,2659.0,1.7,1.7,2.24,6.5,52.2,2023-08-01,2023-08-31
Israel,2023-09,29,1,6981.0,1938.0,5043.0,0.0,132.0,1901.0,6.8,6.9,1.91,8.5,72.2,2023-09-01,2023-09-30
Israel,2023-10,28,1,4221.0,867.0,3354.0,0.0,22.0,849.0,2.5,2.6,2.08,9.5,79.5,2023-10-01,2023-10-31
Israel,2023-11,25,1,2704.0,453.0,2251.0,0.0,3.0,442.0,0.7,0.7,2.43,5.1,83.2,2023-11-01,2023-11-29
Israel,2023-12,18,1,2629.0,686.0,1943.0,0.0,0.0,663.0,0.0,0.0,3.35,4.9,73.9,2023-12-01,2023-12-31
Israel,2024-01,18,1,2289.0,433.0,1856.0,0.0,1.0,430.0,0.2,0.2,0.69,4.4,81.1,2024-01-01,2024-01-31
Israel,2024-02,16,1,2333.0,484.0,1849.0,0.0,9.0,475.0,1.9,1.9,1.86,4.7,79.3,2024-02-02,2024-02-28
Israel,2024-03,18,1,2735.0,522.0,2213.0,0.0,11.0,515.0,2.1,2.1,1.34,4.6,80.9,2024-03-01,2024-03-31
Israel,2024-04,16,1,2791.0,237.0,2554.0,0.0,22.0,230.0,9.3,9.6,2.95,6.4,91.5,2024-04-01,2024-04-29
Israel,2024-05,24,1,2891.0,357.0,2534.0,0.0,15.0,356.0,4.2,4.2,0.28,4.1,87.7,2024-05-01,2024-05-30
Israel,2024-06,17,1,2106.0,533.0,1573.0,0.0,22.0,527.0,4.1,4.2,1.13,4.4,74.7,2024-06-02,2024-06-30
Israel,2024-07,19,2,3588.0,479.0,3109.0,0.0,42.0,474.0,8.8,8.9,1.04,4.7,86.6,2024-07-01,2024-07-31
Israel,2024-08,30,1,6221.0,901.0,5320.0,0.0,26.0,884.0,2.9,2.9,1.89,8.7,85.5,2024-08-01,2024-08-31
Israel,2024-09,31,2,6002.0,1045.0,4957.0,0.0,58.0,1023.0,5.6,5.7,2.11,8.6,82.6,2024-09-01,2024-09-30
Israel,2024-10,29,1,5215.0,864.0,4351.0,0.0,4.0,841.0,0.5,0.5,2.66,6.5,83.4,2024-10-01,2024-10-31
Israel,2024-11,31,2,6284.0,1132.0,5152.0,0.0,65.0,1097.0,5.7,5.9,3.09,6.7,82.0,2024-11-01,2024-11-30
Israel,2024-12,32,2,9892.0,2304.0,7588.0,0.0,82.0,2254.0,3.6,3.6,2.17,5.1,76.7,2024-12-01,2024-12-31
Israel,2025-01,31,1,13397.0,2426.0,10971.0,0.0,32.0,2361.0,1.3,1.4,2.68,4.6,81.9,2025-01-01,2025-01-31
Israel,2025-02,28,1,12507.0,1787.0,10720.0,0.0,35.0,1738.0,2.0,2.0,2.74,4.5,85.7,2025-02-01,2025-02-28
Israel,2025-03,31,1,13102.0,2538.0,10564.0,0.0,29.0,2478.0,1.1,1.2,2.36,5.0,80.6,2025-03-01,2025-03-31
Israel,2025-04,30,1,14557.0,3213.0,11344.0,0.0,69.0,3128.0,2.1,2.2,2.65,5.1,77.9,2025-04-01,2025-04-30
Israel,2025-05,32,2,14549.0,5306.0,9243.0,0.0,124.0,5204.0,2.3,2.4,1.92,6.7,63.5,2025-05-01,2025-05-31
Israel,2025-06,17,1,6511.0,2949.0,3562.0,0.0,34.0,2848.0,1.2,1.2,3.42,6.1,54.7,2025-06-01,2025-06-30
Israel,2025-07,31,1,13367.0,3554.0,9813.0,0.0,27.0,3486.0,0.8,0.8,1.91,4.3,73.4,2025-07-01,2025-07-31
Israel,2025-08,31,1,16505.0,3143.0,13362.0,0.0,42.0,3075.0,1.3,1.4,2.16,4.6,81.0,2025-08-01,2025-08-31
Israel,2025-09,30,1,16471.0,2168.0,14303.0,0.0,28.0,2122.0,1.3,1.3,2.12,5.0,86.8,2025-09-01,2025-09-30
Israel,2025-10,31,2,20762.0,3527.0,17235.0,0.0,160.0,3447.0,4.5,4.6,2.27,6.0,83.0,2025-10-01,2025-10-31
Israel,2025-11,30,1,19769.0,3875.0,15894.0,0.0,115.0,3768.0,3.0,3.1,2.76,6.2,80.4,2025-11-01,2025-11-30
Israel,2025-12,31,1,27352.0,7806.0,19546.0,0.0,249.0,7577.0,3.2,3.3,2.93,6.7,71.5,2025-12-01,2025-12-31
Israel,2026-01,31,1,28790.0,5114.0,23676.0,0.0,194.0,4938.0,3.8,3.9,3.44,5.8,82.2,2026-01-01,2026-01-31
Israel,2026-02,28,1,22811.0,2575.0,20236.0,0.0,151.0,2530.0,5.9,6.0,1.75,6.2,88.7,2026-02-01,2026-02-28
Italy,2023-01,62,2,16918.0,2653.0,14265.0,0.0,634.0,2623.0,23.9,24.2,1.13,9.7,84.3,2023-01-01,2023-01-31
Italy,2023-02,56,2,14035.0,2923.0,11112.0,0.0,698.0,2904.0,23.9,24.0,0.65,9.7,79.2,2023-02-01,2023-02-28
Italy,2023-03,62,2,12877.0,3642.0,9235.0,0.0,497.0,3593.0,13.6,13.8,1.35,10.3,71.7,2023-03-01,2023-03-31
Italy,2023-04,59,2,14921.0,5828.0,9093.0,0.0,472.0,5768.0,8.1,8.2,1.03,10.3,60.9,2023-04-01,2023-04-30
Italy,2023-05,62,2,16374.0,4241.0,12133.0,0.0,723.0,4193.0,17.0,17.2,1.13,10.3,74.1,2023-05-01,2023-05-31
Italy,2023-06,60,2,18637.0,3162.0,15475.0,0.0,511.0,3126.0,16.2,16.3,1.14,10.3,83.0,2023-06-01,2023-06-30
Italy,2023-07,62,2,20550.0,4105.0,16445.0,0.0,166.0,4069.0,4.0,4.1,0.88,10.4,80.0,2023-07-01,2023-07-31
Italy,2023-08,62,2,19609.0,4571.0,15038.0,0.0,491.0,4525.0,10.7,10.9,1.01,10.4,76.7,2023-08-01,2023-08-31
Italy,2023-09,60,2,16675.0,4526.0,12149.0,0.0,389.0,4475.0,8.6,8.7,1.13,10.6,72.9,2023-09-01,2023-09-30
Italy,2023-10,62,2,20002.0,6825.0,13177.0,0.0,476.0,6748.0,7.0,7.1,1.13,10.0,65.9,2023-10-01,2023-10-31
Italy,2023-11,56,2,21998.0,7523.0,14475.0,0.0,757.0,7441.0,10.1,10.2,1.09,9.1,65.8,2023-11-01,2023-11-30
Italy,2023-12,62,2,25976.0,7958.0,18018.0,0.0,714.0,7869.0,9.0,9.1,1.12,9.8,69.4,2023-12-01,2023-12-31
Italy,2024-01,62,2,26940.0,6678.0,20262.0,0.0,575.0,6616.0,8.6,8.7,0.93,9.3,75.2,2024-01-01,2024-01-31
Italy,2024-02,58,2,25892.0,9328.0,16564.0,0.0,1007.0,9254.0,10.8,10.9,0.79,9.1,64.0,2024-02-01,2024-02-29
Italy,2024-03,62,2,21440.0,7476.0,13964.0,0.0,802.0,7402.0,10.7,10.8,0.99,8.9,65.1,2024-03-01,2024-03-31
Italy,2024-04,60,2,24086.0,7534.0,16552.0,0.0,849.0,7449.0,11.3,11.4,1.13,9.7,68.7,2024-04-01,2024-04-30
Italy,2024-05,62,2,24424.0,5023.0,19401.0,0.0,909.0,4983.0,18.1,18.2,0.8,9.7,79.4,2024-05-01,2024-05-31
Italy,2024-06,60,2,27402.0,5195.0,22207.0,0.0,632.0,5157.0,12.2,12.3,0.73,9.3,81.0,2024-06-01,2024-06-30
Italy,2024-07,62,2,28680.0,3714.0,24966.0,0.0,527.0,3680.0,14.2,14.3,0.92,9.6,87.1,2024-07-01,2024-07-31
Italy,2024-08,62,2,27862.0,4603.0,23259.0,0.0,615.0,4550.0,13.4,13.5,1.15,8.8,83.5,2024-08-01,2024-08-31
Italy,2024-09,59,2,24562.0,5292.0,19270.0,0.0,662.0,5240.0,12.5,12.6,0.98,9.1,78.5,2024-09-01,2024-09-30
Italy,2024-10,61,2,29815.0,7552.0,22263.0,0.0,615.0,7474.0,8.1,8.2,1.03,9.1,74.7,2024-10-01,2024-10-31
Italy,2024-11,60,2,27198.0,8603.0,18595.0,0.0,967.0,8523.0,11.2,11.3,0.93,10.2,68.4,2024-11-01,2024-11-30
Italy,2024-12,62,2,32844.0,9754.0,23090.0,0.0,877.0,9637.0,9.0,9.1,1.2,10.1,70.3,2024-12-01,2024-12-31
Italy,2025-01,62,2,31496.0,6685.0,24811.0,0.0,884.0,6608.0,13.2,13.4,1.15,9.7,78.8,2025-01-01,2025-01-31
Italy,2025-02,56,2,29656.0,6708.0,22948.0,0.0,1137.0,6666.0,16.9,17.1,0.63,9.3,77.4,2025-02-01,2025-02-28
Italy,2025-03,62,2,23340.0,4575.0,18765.0,0.0,797.0,4530.0,17.4,17.6,0.98,9.2,80.4,2025-03-01,2025-03-31
Italy,2025-04,60,2,34379.0,10822.0,23557.0,0.0,1175.0,10689.0,10.9,11.0,1.23,9.8,68.5,2025-04-01,2025-04-30
Italy,2025-05,62,2,30417.0,4971.0,25446.0,0.0,1290.0,4928.0,26.0,26.2,0.87,10.0,83.7,2025-05-01,2025-05-31
Italy,2025-06,60,2,35461.0,5596.0,29865.0,0.0,1084.0,5522.0,19.4,19.6,1.32,9.6,84.2,2025-06-01,2025-06-30
Italy,2025-07,62,2,35978.0,5274.0,30704.0,0.0,707.0,5224.0,13.4,13.5,0.95,9.3,85.3,2025-07-01,2025-07-31
Italy,2025-08,62,2,36347.0,6128.0,30219.0,0.0,991.0,6071.0,16.2,16.3,0.93,9.7,83.1,2025-08-01,2025-08-31
Italy,2025-09,60,2,28991.0,4483.0,24508.0,0.0,971.0,4456.0,21.7,21.8,0.6,9.5,84.5,2025-09-01,2025-09-30
Italy,2025-10,62,2,36616.0,6513.0,30103.0,0.0,813.0,6451.0,12.5,12.6,0.95,9.4,82.2,2025-10-01,2025-10-31
Italy,2025-11,60,2,33275.0,6407.0,26868.0,0.0,1168.0,6355.0,18.2,18.4,0.81,9.4,80.7,2025-11-01,2025-11-30
Italy,2025-12,62,2,35945.0,9667.0,26278.0,0.0,940.0,9554.0,9.7,9.8,1.17,9.3,73.1,2025-12-01,2025-12-31
Italy,2026-01,62,2,34856.0,5706.0,29150.0,0.0,1082.0,5638.0,19.0,19.2,1.19,9.7,83.6,2026-01-01,2026-01-31
Italy,2026-02,56,2,31261.0,4915.0,26346.0,0.0,1076.0,4878.0,21.9,22.1,0.75,10.3,84.3,2026-02-01,2026-02-28
Japan,2023-01,29,1,5877.0,1027.0,4850.0,0.0,493.0,1012.0,48.0,48.7,1.46,9.7,82.5,2023-01-01,2023-01-31
Japan,2023-02,25,1,7377.0,1071.0,6306.0,0.0,365.0,1056.0,34.1,34.6,1.4,9.7,85.5,2023-02-02,2023-02-28
Japan,2023-03,28,1,7754.0,1114.0,6640.0,0.0,246.0,1099.0,22.1,22.4,1.35,9.7,85.6,2023-03-01,2023-03-30
Japan,2023-04,26,1,8356.0,1017.0,7339.0,0.0,35.0,1007.0,3.4,3.5,0.98,9.7,87.8,2023-04-01,2023-04-30
Japan,2023-05,30,1,8426.0,982.0,7444.0,0.0,218.0,970.0,22.2,22.5,1.22,9.7,88.3,2023-05-01,2023-05-31
Japan,2023-06,30,1,6775.0,802.0,5973.0,0.0,264.0,790.0,32.9,33.4,1.5,9.7,88.2,2023-06-01,2023-06-30
Japan,2023-07,30,1,7108.0,1053.0,6055.0,0.0,240.0,1041.0,22.8,23.1,1.14,9.7,85.2,2023-07-01,2023-07-31
Japan,2023-08,30,1,8553.0,1090.0,7463.0,0.0,25.0,1075.0,2.3,2.3,1.38,9.7,87.3,2023-08-02,2023-08-31
Japan,2023-09,30,1,7970.0,893.0,7077.0,0.0,101.0,886.0,11.3,11.4,0.78,9.7,88.8,2023-09-01,2023-09-30
Japan,2023-10,48,2,12466.0,1758.0,10708.0,0.0,419.0,1737.0,23.8,24.1,1.19,9.7,85.9,2023-10-01,2023-10-31
Japan,2023-11,47,2,12184.0,1641.0,10543.0,0.0,511.0,1615.0,31.1,31.6,1.58,9.7,86.5,2023-11-01,2023-11-30
Japan,2023-12,47,2,10562.0,2447.0,8115.0,0.0,755.0,2418.0,30.9,31.2,1.19,9.7,76.8,2023-12-01,2023-12-31
Japan,2024-01,44,2,7857.0,1509.0,6348.0,0.0,553.0,1495.0,36.6,37.0,0.93,10.4,80.8,2024-01-01,2024-01-31
Japan,2024-02,44,2,11992.0,1704.0,10288.0,0.0,755.0,1692.0,44.3,44.6,0.7,11.1,85.8,2024-02-01,2024-02-29
Japan,2024-03,47,2,13798.0,1519.0,12279.0,0.0,610.0,1499.0,40.2,40.7,1.32,11.2,89.0,2024-03-01,2024-03-31
Japan,2024-04,50,2,15245.0,3149.0,12096.0,0.0,295.0,3111.0,9.4,9.5,1.21,11.0,79.3,2024-04-01,2024-04-30
Japan,2024-05,52,2,15059.0,2010.0,13049.0,0.0,681.0,1983.0,33.9,34.3,1.34,10.9,86.7,2024-05-01,2024-05-31
Japan,2024-06,50,2,12118.0,1411.0,10707.0,0.0,546.0,1393.0,38.7,39.2,1.28,11.1,88.4,2024-06-01,2024-06-30
Japan,2024-07,53,2,13757.0,1482.0,12275.0,0.0,507.0,1467.0,34.2,34.6,1.01,11.1,89.2,2024-07-01,2024-07-31
Japan,2024-08,53,2,16887.0,1774.0,15113.0,0.0,321.0,1753.0,18.1,18.3,1.18,11.1,89.5,2024-08-01,2024-08-31
Japan,2024-09,51,2,15590.0,1347.0,14243.0,0.0,330.0,1334.0,24.5,24.7,0.97,11.1,91.4,2024-09-01,2024-09-30
Japan,2024-10,48,2,15691.0,2505.0,13186.0,0.0,541.0,2486.0,21.6,21.8,0.76,10.9,84.0,2024-10-01,2024-10-31
Japan,2024-11,39,2,12442.0,1442.0,11000.0,0.0,293.0,1422.0,20.3,20.6,1.39,9.8,88.4,2024-11-01,2024-11-30
Japan,2024-12,40,2,10358.0,2198.0,8160.0,0.0,490.0,2183.0,22.3,22.4,0.68,9.7,78.8,2024-12-01,2024-12-31
Japan,2025-01,38,2,9013.0,1557.0,7456.0,0.0,524.0,1545.0,33.7,33.9,0.77,10.0,82.7,2025-01-01,2025-01-31
Japan,2025-02,37,2,11783.0,1834.0,9949.0,0.0,628.0,1821.0,34.2,34.5,0.71,10.2,84.4,2025-02-01,2025-02-28
Japan,2025-03,41,2,11350.0,1247.0,10103.0,0.0,422.0,1236.0,33.8,34.1,0.88,10.7,89.0,2025-03-01,2025-03-31
Japan,2025-04,48,2,15935.0,3383.0,12552.0,0.0,425.0,3353.0,12.6,12.7,0.89,10.6,78.8,2025-04-01,2025-04-30
Japan,2025-05,50,2,17567.0,1695.0,15872.0,0.0,535.0,1667.0,31.6,32.1,1.65,10.9,90.4,2025-05-01,2025-05-31
Japan,2025-06,49,2,15936.0,1453.0,14483.0,0.0,395.0,1425.0,27.2,27.7,1.93,11.0,90.9,2025-06-01,2025-06-30
Japan,2025-07,46,2,15728.0,1410.0,14318.0,0.0,458.0,1398.0,32.5,32.8,0.85,11.0,91.0,2025-07-02,2025-07-31
Japan,2025-08,55,2,18328.0,1829.0,16499.0,0.0,337.0,1817.0,18.4,18.5,0.66,11.0,90.0,2025-08-01,2025-08-31
Japan,2025-09,51,2,17602.0,1467.0,16135.0,0.0,334.0,1457.0,22.8,22.9,0.68,11.0,91.7,2025-09-01,2025-09-30
Japan,2025-10,51,2,17507.0,2155.0,15352.0,0.0,302.0,2133.0,14.0,14.2,1.02,11.0,87.7,2025-10-01,2025-10-30
Japan,2025-11,39,2,14794.0,1738.0,13056.0,0.0,499.0,1724.0,28.7,28.9,0.81,11.3,88.3,2025-11-01,2025-11-30
Japan,2025-12,31,1,9408.0,2327.0,7081.0,0.0,494.0,2303.0,21.2,21.5,1.03,10.8,75.3,2025-12-01,2025-12-31
Japan,2026-01,29,1,7917.0,1524.0,6393.0,0.0,370.0,1514.0,24.3,24.4,0.66,10.4,80.8,2026-01-01,2026-01-31
Japan,2026-02,25,1,8263.0,1216.0,7047.0,0.0,488.0,1201.0,40.1,40.6,1.23,10.4,85.3,2026-02-01,2026-02-28
Jordan,2023-01,31,1,5505.0,4518.0,987.0,0.0,204.0,4447.0,4.5,4.6,1.57,4.3,17.9,2023-01-01,2023-01-31
Jordan,2023-02,28,1,4601.0,3374.0,1227.0,0.0,184.0,3334.0,5.5,5.5,1.19,4.3,26.7,2023-02-01,2023-02-28
Jordan,2023-03,31,1,3877.0,2788.0,1089.0,0.0,152.0,2744.0,5.5,5.5,1.58,4.7,28.1,2023-03-01,2023-03-31
Jordan,2023-04,29,1,3272.0,2352.0,920.0,0.0,126.0,2318.0,5.4,5.4,1.45,5.0,28.1,2023-04-01,2023-04-30
Jordan,2023-05,30,1,3949.0,2631.0,1318.0,0.0,165.0,2584.0,6.3,6.4,1.79,5.0,33.4,2023-05-01,2023-05-31
Jordan,2023-06,30,1,3441.0,2039.0,1402.0,0.0,122.0,2004.0,6.0,6.1,1.72,5.0,40.7,2023-06-01,2023-06-30
Jordan,2023-07,31,1,5521.0,4109.0,1412.0,0.0,158.0,4008.0,3.8,3.9,2.46,4.9,25.6,2023-07-01,2023-07-31
Jordan,2023-08,31,1,7080.0,6174.0,906.0,0.0,282.0,5989.0,4.6,4.7,3.0,4.9,12.8,2023-08-01,2023-08-31
Jordan,2023-09,30,1,5103.0,3647.0,1456.0,0.0,186.0,3550.0,5.1,5.2,2.66,4.9,28.5,2023-09-01,2023-09-30
Jordan,2023-10,31,1,4627.0,3167.0,1460.0,0.0,149.0,3116.0,4.7,4.8,1.61,4.8,31.6,2023-10-01,2023-10-31
Jordan,2023-11,30,1,4305.0,3237.0,1068.0,0.0,161.0,3185.0,5.0,5.1,1.61,4.6,24.8,2023-11-01,2023-11-30
Jordan,2023-12,31,1,5332.0,4548.0,784.0,0.0,192.0,4484.0,4.2,4.3,1.41,4.6,14.7,2023-12-01,2023-12-31
Jordan,2024-01,31,1,5311.0,4483.0,828.0,0.0,202.0,4405.0,4.5,4.6,1.74,5.3,15.6,2024-01-01,2024-01-31
Jordan,2024-02,28,1,4680.0,3569.0,1111.0,0.0,165.0,3526.0,4.6,4.7,1.2,6.4,23.7,2024-02-01,2024-02-28
Jordan,2024-03,31,1,3748.0,2653.0,1095.0,0.0,137.0,2618.0,5.2,5.2,1.32,5.4,29.2,2024-03-01,2024-03-31
Jordan,2024-04,29,1,4344.0,3384.0,960.0,0.0,165.0,3302.0,4.9,5.0,2.42,5.5,22.1,2024-04-01,2024-04-30
Jordan,2024-05,31,1,4497.0,3007.0,1490.0,0.0,158.0,2966.0,5.3,5.3,1.36,4.6,33.1,2024-05-01,2024-05-31
Jordan,2024-06,30,1,5911.0,3606.0,2305.0,0.0,171.0,3533.0,4.7,4.8,2.02,5.6,39.0,2024-06-01,2024-06-30
Jordan,2024-07,31,1,7953.0,5796.0,2157.0,0.0,217.0,5663.0,3.7,3.8,2.29,5.3,27.1,2024-07-01,2024-07-31
Jordan,2024-08,31,1,13145.0,11202.0,1943.0,0.0,477.0,10897.0,4.3,4.4,2.72,5.4,14.8,2024-08-01,2024-08-31
Jordan,2024-09,30,1,11225.0,7490.0,3735.0,0.0,295.0,7295.0,3.9,4.0,2.6,5.9,33.3,2024-09-01,2024-09-30
Jordan,2024-10,31,1,10203.0,5817.0,4386.0,0.0,238.0,5657.0,4.1,4.2,2.75,4.6,43.0,2024-10-01,2024-10-31
Jordan,2024-11,30,1,7329.0,4697.0,2632.0,0.0,240.0,4595.0,5.1,5.2,2.17,5.7,35.9,2024-11-01,2024-11-30
Jordan,2024-12,31,1,10111.0,7242.0,2869.0,0.0,378.0,7079.0,5.2,5.3,2.25,6.0,28.4,2024-12-01,2024-12-31
Jordan,2025-01,31,1,8808.0,6457.0,2351.0,0.0,305.0,6345.0,4.7,4.8,1.73,5.4,26.7,2025-01-01,2025-01-31
Jordan,2025-02,28,1,7218.0,4774.0,2444.0,0.0,206.0,4708.0,4.3,4.4,1.38,4.3,33.9,2025-02-01,2025-02-28
Jordan,2025-03,31,1,5208.0,3026.0,2182.0,0.0,153.0,2979.0,5.1,5.1,1.55,6.4,41.9,2025-03-01,2025-03-31
Jordan,2025-04,29,1,5446.0,3999.0,1447.0,0.0,235.0,3917.0,5.9,6.0,2.05,5.9,26.6,2025-04-01,2025-04-30
Jordan,2025-05,30,1,5504.0,3211.0,2293.0,0.0,237.0,3157.0,7.4,7.5,1.68,5.2,41.7,2025-05-01,2025-05-31
Jordan,2025-06,25,1,5621.0,3397.0,2224.0,0.0,128.0,3312.0,3.8,3.9,2.5,4.6,39.6,2025-06-01,2025-06-30
Jordan,2025-07,31,1,8146.0,5297.0,2849.0,0.0,248.0,5146.0,4.7,4.8,2.85,4.4,35.0,2025-07-01,2025-07-31
Jordan,2025-08,31,1,12246.0,10512.0,1734.0,0.0,399.0,10194.0,3.8,3.9,3.03,4.6,14.2,2025-08-01,2025-08-31
Jordan,2025-09,28,1,7694.0,5459.0,2235.0,0.0,241.0,5257.0,4.4,4.6,3.7,4.8,29.0,2025-09-01,2025-09-30
Jordan,2025-10,27,1,6454.0,4740.0,1714.0,0.0,0.0,4610.0,0.0,0.0,2.74,0.0,26.6,2025-10-01,2025-10-31
Jordan,2025-11,28,1,6855.0,4691.0,2164.0,0.0,0.0,4578.0,0.0,0.0,2.41,0.0,31.6,2025-11-01,2025-11-30
Jordan,2025-12,31,1,6934.0,5150.0,1784.0,0.0,0.0,5026.0,0.0,0.0,2.41,0.2,25.7,2025-12-01,2025-12-31
Jordan,2026-01,31,1,7676.0,5916.0,1760.0,0.0,0.0,5800.0,0.0,0.0,1.96,0.0,22.9,2026-01-01,2026-01-31
Jordan,2026-02,27,1,5121.0,3327.0,1794.0,0.0,0.0,3273.0,0.0,0.0,1.62,0.0,35.0,2026-02-01,2026-02-27
Kazakhstan,2024-10,1,1,69.0,69.0,0.0,0.0,8.0,69.0,11.6,11.6,0.0,5.1,0.0,2024-10-11,2024-10-11
Kuwait,2023-01,31,1,9067.0,5070.0,3997.0,0.0,204.0,4993.0,4.0,4.1,1.52,5.6,44.1,2023-01-01,2023-01-31
Kuwait,2023-02,28,1,6099.0,3849.0,2250.0,0.0,260.0,3798.0,6.8,6.8,1.33,5.5,36.9,2023-02-01,2023-02-28
Kuwait,2023-03,31,1,4852.0,2919.0,1933.0,0.0,182.0,2882.0,6.2,6.3,1.27,5.8,39.8,2023-03-01,2023-03-31
Kuwait,2023-04,30,1,5903.0,3017.0,2886.0,0.0,142.0,2965.0,4.7,4.8,1.72,5.0,48.9,2023-04-01,2023-04-30
Kuwait,2023-05,31,1,6220.0,3182.0,3038.0,0.0,223.0,3141.0,7.0,7.1,1.29,5.0,48.8,2023-05-01,2023-05-31
Kuwait,2023-06,30,1,11068.0,5968.0,5100.0,0.0,202.0,5856.0,3.4,3.4,1.88,4.9,46.1,2023-06-01,2023-06-30
Kuwait,2023-07,31,1,11866.0,7822.0,4044.0,0.0,169.0,7682.0,2.2,2.2,1.79,4.9,34.1,2023-07-01,2023-07-31
Kuwait,2023-08,31,1,15766.0,9916.0,5850.0,0.0,185.0,9764.0,1.9,1.9,1.53,4.7,37.1,2023-08-01,2023-08-31
Kuwait,2023-09,30,1,9214.0,5549.0,3665.0,0.0,214.0,5465.0,3.9,3.9,1.51,4.6,39.8,2023-09-01,2023-09-30
Kuwait,2023-10,31,1,9653.0,4947.0,4706.0,0.0,251.0,4898.0,5.1,5.1,0.99,4.9,48.8,2023-10-01,2023-10-31
Kuwait,2023-11,30,1,9228.0,5403.0,3825.0,0.0,239.0,5344.0,4.4,4.5,1.09,5.1,41.4,2023-11-01,2023-11-30
Kuwait,2023-12,31,1,12278.0,7748.0,4530.0,0.0,197.0,7651.0,2.5,2.6,1.25,5.1,36.9,2023-12-01,2023-12-31
Kuwait,2024-01,31,1,15470.0,8610.0,6860.0,0.0,278.0,8486.0,3.2,3.3,1.44,6.2,44.3,2024-01-01,2024-01-31
Kuwait,2024-02,29,1,11776.0,6699.0,5077.0,0.0,285.0,6609.0,4.3,4.3,1.34,7.0,43.1,2024-02-01,2024-02-29
Kuwait,2024-03,31,1,10037.0,4975.0,5062.0,0.0,227.0,4931.0,4.6,4.6,0.88,8.2,50.4,2024-03-01,2024-03-31
Kuwait,2024-04,30,1,12425.0,4393.0,8032.0,0.0,286.0,4324.0,6.5,6.6,1.57,8.9,64.6,2024-04-01,2024-04-30
Kuwait,2024-05,31,1,12378.0,4474.0,7904.0,0.0,265.0,4422.0,5.9,6.0,1.16,8.7,63.9,2024-05-01,2024-05-31
Kuwait,2024-06,30,1,12493.0,4081.0,8412.0,0.0,192.0,4030.0,4.7,4.8,1.25,7.4,67.3,2024-06-01,2024-06-30
Kuwait,2024-07,31,1,13880.0,6630.0,7250.0,0.0,221.0,6559.0,3.3,3.4,1.07,8.5,52.2,2024-07-01,2024-07-31
Kuwait,2024-08,31,1,14796.0,6621.0,8175.0,0.0,160.0,6530.0,2.4,2.5,1.37,8.5,55.3,2024-08-01,2024-08-31
Kuwait,2024-09,30,1,10842.0,4766.0,6076.0,0.0,204.0,4691.0,4.3,4.3,1.57,7.0,56.0,2024-09-01,2024-09-30
Kuwait,2024-10,31,1,11014.0,5645.0,5369.0,0.0,305.0,5583.0,5.4,5.5,1.1,7.6,48.7,2024-10-01,2024-10-31
Kuwait,2024-11,30,1,10212.0,4730.0,5482.0,0.0,318.0,4689.0,6.7,6.8,0.87,8.6,53.7,2024-11-01,2024-11-30
Kuwait,2024-12,31,1,12366.0,5797.0,6569.0,0.0,297.0,5721.0,5.1,5.2,1.31,7.8,53.1,2024-12-01,2024-12-31
Kuwait,2025-01,31,1,14018.0,7272.0,6746.0,0.0,167.0,7188.0,2.3,2.3,1.16,7.9,48.1,2025-01-01,2025-01-31
Kuwait,2025-02,28,1,9990.0,5848.0,4142.0,0.0,255.0,5769.0,4.4,4.4,1.35,7.1,41.5,2025-02-01,2025-02-28
Kuwait,2025-03,31,1,8250.0,3233.0,5017.0,0.0,138.0,3191.0,4.3,4.3,1.3,6.8,60.8,2025-03-01,2025-03-31
Kuwait,2025-04,30,1,16049.0,7818.0,8231.0,0.0,315.0,7707.0,4.0,4.1,1.42,7.4,51.3,2025-04-01,2025-04-30
Kuwait,2025-05,31,1,15652.0,8421.0,7231.0,0.0,356.0,8295.0,4.2,4.3,1.5,8.5,46.2,2025-05-01,2025-05-31
Kuwait,2025-06,30,1,16045.0,7710.0,8335.0,0.0,189.0,7579.0,2.5,2.5,1.7,8.5,51.9,2025-06-01,2025-06-30
Kuwait,2025-07,31,1,15999.0,9668.0,6331.0,0.0,293.0,9532.0,3.0,3.1,1.41,8.5,39.6,2025-07-01,2025-07-31
Kuwait,2025-08,31,1,16733.0,6779.0,9954.0,0.0,185.0,6673.0,2.7,2.8,1.56,9.2,59.5,2025-08-01,2025-08-31
Kuwait,2025-09,30,1,11798.0,6286.0,5512.0,0.0,335.0,6203.0,5.3,5.4,1.32,9.1,46.7,2025-09-01,2025-09-30
Kuwait,2025-10,31,1,12508.0,7502.0,5006.0,0.0,327.0,7426.0,4.4,4.4,1.01,7.7,40.0,2025-10-01,2025-10-31
Kuwait,2025-11,30,1,11875.0,7163.0,4712.0,0.0,440.0,7079.0,6.1,6.2,1.17,9.5,39.7,2025-11-01,2025-11-30
Kuwait,2025-12,31,1,13640.0,7065.0,6575.0,0.0,335.0,6948.0,4.7,4.8,1.66,9.7,48.2,2025-12-01,2025-12-31
Kuwait,2026-01,31,1,14512.0,7279.0,7233.0,0.0,262.0,7168.0,3.6,3.7,1.52,10.2,49.8,2026-01-01,2026-01-31
Kuwait,2026-02,28,1,10244.0,6388.0,3856.0,0.0,295.0,6313.0,4.6,4.7,1.17,9.6,37.6,2026-02-01,2026-02-28
Lebanon,2023-01,30,1,4590.0,2439.0,2151.0,0.0,148.0,2405.0,6.1,6.2,1.39,4.6,46.9,2023-01-01,2023-01-31
Lebanon,2023-02,26,1,3241.0,1512.0,1729.0,0.0,134.0,1496.0,8.9,9.0,1.06,4.8,53.3,2023-02-01,2023-02-28
Lebanon,2023-03,28,1,2761.0,1304.0,1457.0,0.0,113.0,1296.0,8.7,8.7,0.61,4.9,52.8,2023-03-01,2023-03-31
Lebanon,2023-04,30,1,3452.0,2364.0,1088.0,0.0,112.0,2320.0,4.7,4.8,1.86,5.1,31.5,2023-04-01,2023-04-30
Lebanon,2023-05,22,1,2810.0,1100.0,1710.0,0.0,110.0,1083.0,10.0,10.2,1.55,5.0,60.9,2023-05-01,2023-05-31
Lebanon,2023-06,30,1,2990.0,1321.0,1669.0,0.0,91.0,1306.0,6.9,7.0,1.14,5.1,55.8,2023-06-01,2023-06-30
Lebanon,2023-07,31,1,3883.0,2285.0,1598.0,0.0,76.0,2263.0,3.3,3.4,0.96,5.1,41.2,2023-07-01,2023-07-31
Lebanon,2023-08,31,1,5172.0,3460.0,1712.0,0.0,91.0,3398.0,2.6,2.7,1.79,4.7,33.1,2023-08-01,2023-08-31
Lebanon,2023-09,30,1,4579.0,1754.0,2825.0,0.0,35.0,1718.0,2.0,2.0,2.05,5.0,61.7,2023-09-01,2023-09-30
Lebanon,2023-10,30,1,4579.0,1381.0,3198.0,0.0,46.0,1354.0,3.3,3.4,1.96,4.7,69.8,2023-10-02,2023-10-31
Lebanon,2023-11,12,1,2055.0,623.0,1432.0,0.0,30.0,617.0,4.8,4.9,0.96,4.3,69.7,2023-11-03,2023-11-28
Lebanon,2023-12,18,1,2731.0,1725.0,1006.0,0.0,87.0,1709.0,5.0,5.1,0.93,4.9,36.8,2023-12-01,2023-12-31
Lebanon,2024-01,14,1,2145.0,1479.0,666.0,0.0,33.0,1457.0,2.2,2.3,1.49,4.9,31.0,2024-01-01,2024-01-30
Lebanon,2024-02,12,1,1871.0,1075.0,796.0,0.0,58.0,1068.0,5.4,5.4,0.65,4.8,42.5,2024-02-02,2024-02-27
Lebanon,2024-03,13,1,1614.0,908.0,706.0,0.0,66.0,902.0,7.3,7.3,0.66,5.1,43.7,2024-03-01,2024-03-29
Lebanon,2024-04,14,1,2142.0,1193.0,949.0,0.0,76.0,1173.0,6.4,6.5,1.68,4.7,44.3,2024-04-01,2024-04-30
Lebanon,2024-05,21,1,2688.0,1204.0,1484.0,0.0,109.0,1192.0,9.1,9.1,1.0,5.0,55.2,2024-05-03,2024-05-31
Lebanon,2024-06,26,1,3668.0,1604.0,2064.0,0.0,104.0,1584.0,6.5,6.6,1.25,4.4,56.3,2024-06-01,2024-06-30
Lebanon,2024-07,31,1,4692.0,2080.0,2612.0,0.0,42.0,2060.0,2.0,2.0,0.96,5.0,55.7,2024-07-01,2024-07-31
Lebanon,2024-08,30,1,5765.0,3419.0,2346.0,0.0,128.0,3358.0,3.7,3.8,1.78,5.2,40.7,2024-08-01,2024-08-31
Lebanon,2024-09,23,1,4209.0,1620.0,2589.0,0.0,83.0,1596.0,5.1,5.2,1.48,5.0,61.5,2024-09-01,2024-09-23
Lebanon,2024-12,5,1,692.0,415.0,277.0,0.0,4.0,410.0,1.0,1.0,1.2,5.1,40.0,2024-12-18,2024-12-28
Lebanon,2025-01,15,1,1916.0,1157.0,759.0,0.0,46.0,1130.0,4.0,4.1,2.33,5.6,39.6,2025-01-01,2025-01-30
Lebanon,2025-02,16,1,1906.0,709.0,1197.0,0.0,50.0,703.0,7.1,7.1,0.85,5.1,62.8,2025-02-02,2025-02-27
Lebanon,2025-03,17,1,1674.0,578.0,1096.0,0.0,57.0,575.0,9.9,9.9,0.52,5.3,65.5,2025-03-02,2025-03-30
Lebanon,2025-04,17,1,2607.0,1481.0,1126.0,0.0,83.0,1459.0,5.6,5.7,1.49,5.0,43.2,2025-04-02,2025-04-29
Lebanon,2025-05,25,1,2805.0,1199.0,1606.0,0.0,105.0,1181.0,8.8,8.9,1.5,5.1,57.3,2025-05-01,2025-05-31
Lebanon,2025-06,23,1,5027.0,2222.0,2805.0,0.0,100.0,2187.0,4.5,4.6,1.58,4.5,55.8,2025-06-01,2025-06-30
Lebanon,2025-07,30,1,6028.0,2918.0,3110.0,0.0,174.0,2870.0,6.0,6.1,1.64,4.7,51.6,2025-07-01,2025-07-31
Lebanon,2025-08,31,1,9052.0,5259.0,3793.0,0.0,119.0,5147.0,2.3,2.3,2.13,4.7,41.9,2025-08-01,2025-08-31
Lebanon,2025-09,25,1,5129.0,2029.0,3100.0,0.0,120.0,1986.0,5.9,6.0,2.12,5.1,60.4,2025-09-01,2025-09-30
Lebanon,2025-10,27,1,3953.0,1911.0,2042.0,0.0,10.0,1872.0,0.5,0.5,2.04,0.8,51.7,2025-10-01,2025-10-31
Lebanon,2025-11,26,1,3207.0,1594.0,1613.0,0.0,0.0,1571.0,0.0,0.0,1.44,0.0,50.3,2025-11-01,2025-11-30
Lebanon,2025-12,28,1,4121.0,2204.0,1917.0,0.0,39.0,2164.0,1.8,1.8,1.81,1.2,46.5,2025-12-02,2025-12-31
Lebanon,2026-01,31,1,5638.0,2771.0,2867.0,0.0,35.0,2728.0,1.3,1.3,1.55,1.8,50.9,2026-01-01,2026-01-31
Lebanon,2026-02,24,1,2960.0,1829.0,1131.0,0.0,7.0,1806.0,0.4,0.4,1.26,0.5,38.2,2026-02-01,2026-02-27
Netherlands,2023-01,31,1,7681.0,1627.0,6054.0,0.0,418.0,1601.0,25.7,26.1,1.6,9.7,78.8,2023-01-01,2023-01-31
Netherlands,2023-02,28,1,7464.0,2158.0,5306.0,0.0,444.0,2127.0,20.6,20.9,1.44,9.7,71.1,2023-02-01,2023-02-28
Netherlands,2023-03,31,1,6787.0,1809.0,4978.0,0.0,378.0,1788.0,20.9,21.1,1.16,9.7,73.3,2023-03-01,2023-03-31
Netherlands,2023-04,30,1,7681.0,1952.0,5729.0,0.0,312.0,1931.0,16.0,16.2,1.08,9.7,74.6,2023-04-01,2023-04-30
Netherlands,2023-05,31,1,7978.0,1666.0,6312.0,0.0,345.0,1654.0,20.7,20.9,0.72,9.7,79.1,2023-05-01,2023-05-31
Netherlands,2023-06,30,1,7664.0,1067.0,6597.0,0.0,126.0,1059.0,11.8,11.9,0.75,9.7,86.1,2023-06-01,2023-06-30
Netherlands,2023-07,31,1,8733.0,1099.0,7634.0,0.0,25.0,1090.0,2.3,2.3,0.82,9.7,87.4,2023-07-01,2023-07-31
Netherlands,2023-08,31,1,8283.0,1724.0,6559.0,0.0,306.0,1698.0,17.7,18.0,1.51,9.7,79.2,2023-08-01,2023-08-31
Netherlands,2023-09,30,1,8264.0,1305.0,6959.0,0.0,231.0,1287.0,17.7,17.9,1.38,9.7,84.2,2023-09-01,2023-09-30
Netherlands,2023-10,31,1,9630.0,2021.0,7609.0,0.0,338.0,2009.0,16.7,16.8,0.59,9.8,79.0,2023-10-01,2023-10-31
Netherlands,2023-11,30,1,9005.0,1619.0,7386.0,0.0,212.0,1601.0,13.1,13.2,1.11,9.7,82.0,2023-11-01,2023-11-30
Netherlands,2023-12,31,1,9619.0,1883.0,7736.0,0.0,154.0,1860.0,8.2,8.3,1.22,9.8,80.4,2023-12-01,2023-12-31
Netherlands,2024-01,31,1,9197.0,1317.0,7880.0,0.0,273.0,1299.0,20.7,21.0,1.37,10.0,85.7,2024-01-01,2024-01-31
Netherlands,2024-02,29,1,8931.0,1818.0,7113.0,0.0,390.0,1792.0,21.5,21.8,1.43,9.8,79.6,2024-02-01,2024-02-29
Netherlands,2024-03,31,1,8915.0,1311.0,7604.0,0.0,312.0,1296.0,23.8,24.1,1.14,9.8,85.3,2024-03-01,2024-03-31
Netherlands,2024-04,29,1,8240.0,1784.0,6456.0,0.0,273.0,1760.0,15.3,15.5,1.35,9.8,78.3,2024-04-01,2024-04-30
Netherlands,2024-05,31,1,8749.0,1313.0,7436.0,0.0,360.0,1300.0,27.4,27.7,0.99,10.0,85.0,2024-05-01,2024-05-31
Netherlands,2024-06,29,1,9167.0,1367.0,7800.0,0.0,282.0,1356.0,20.6,20.8,0.8,9.6,85.1,2024-06-01,2024-06-30
Netherlands,2024-07,31,1,9748.0,1336.0,8412.0,0.0,173.0,1323.0,12.9,13.1,0.97,9.8,86.3,2024-07-01,2024-07-31
Netherlands,2024-08,31,1,9463.0,1932.0,7531.0,0.0,321.0,1911.0,16.6,16.8,1.09,9.8,79.6,2024-08-01,2024-08-31
Netherlands,2024-09,30,1,9388.0,1262.0,8126.0,0.0,308.0,1250.0,24.4,24.6,0.95,9.8,86.6,2024-09-01,2024-09-30
Netherlands,2024-10,31,1,10025.0,1845.0,8180.0,0.0,318.0,1828.0,17.2,17.4,0.92,9.7,81.6,2024-10-01,2024-10-31
Netherlands,2024-11,30,1,9713.0,1574.0,8139.0,0.0,274.0,1553.0,17.4,17.6,1.33,9.7,83.8,2024-11-01,2024-11-30
Netherlands,2024-12,31,1,9943.0,1868.0,8075.0,0.0,261.0,1845.0,14.0,14.1,1.23,9.8,81.2,2024-12-01,2024-12-31
Netherlands,2025-01,31,1,10360.0,1554.0,8806.0,0.0,298.0,1531.0,19.2,19.5,1.48,10.3,85.0,2025-01-01,2025-01-31
Netherlands,2025-02,28,1,10086.0,1816.0,8270.0,0.0,403.0,1788.0,22.2,22.5,1.54,10.9,82.0,2025-02-01,2025-02-28
Netherlands,2025-03,30,1,8779.0,1125.0,7654.0,0.0,308.0,1110.0,27.4,27.7,1.33,10.8,87.2,2025-03-01,2025-03-30
Netherlands,2025-04,30,1,10821.0,2891.0,7930.0,0.0,318.0,2849.0,11.0,11.2,1.45,10.7,73.3,2025-04-01,2025-04-30
Netherlands,2025-05,31,1,10139.0,1573.0,8566.0,0.0,469.0,1555.0,29.8,30.2,1.14,10.8,84.5,2025-05-01,2025-05-31
Netherlands,2025-06,30,1,9867.0,1237.0,8630.0,0.0,354.0,1219.0,28.6,29.0,1.46,10.4,87.5,2025-06-01,2025-06-30
Netherlands,2025-07,31,1,11338.0,1993.0,9345.0,0.0,278.0,1968.0,13.9,14.1,1.25,11.7,82.4,2025-07-01,2025-07-31
Netherlands,2025-08,30,1,10688.0,2126.0,8562.0,0.0,509.0,2086.0,23.9,24.4,1.88,11.7,80.1,2025-08-01,2025-08-31
Netherlands,2025-09,30,1,10707.0,1523.0,9184.0,0.0,419.0,1501.0,27.5,27.9,1.44,11.9,85.8,2025-09-01,2025-09-30
Netherlands,2025-10,31,1,11409.0,2564.0,8845.0,0.0,459.0,2518.0,17.9,18.2,1.79,11.9,77.5,2025-10-01,2025-10-31
Netherlands,2025-11,30,1,11017.0,2113.0,8904.0,0.0,440.0,2079.0,20.8,21.2,1.61,11.9,80.8,2025-11-01,2025-11-30
Netherlands,2025-12,31,1,11210.0,2487.0,8723.0,0.0,432.0,2450.0,17.4,17.6,1.49,11.9,77.8,2025-12-01,2025-12-31
Netherlands,2026-01,31,1,11194.0,1584.0,9610.0,0.0,324.0,1564.0,20.5,20.7,1.26,11.9,85.8,2026-01-01,2026-01-31
Netherlands,2026-02,28,1,13128.0,2043.0,11085.0,0.0,373.0,2028.0,18.3,18.4,0.73,9.9,84.4,2026-02-01,2026-02-28
Oman,2023-01,31,1,7415.0,2517.0,4898.0,0.0,155.0,2498.0,6.2,6.2,0.75,4.8,66.1,2023-01-01,2023-01-31
Oman,2023-02,28,1,6188.0,2692.0,3496.0,0.0,145.0,2674.0,5.4,5.4,0.67,4.9,56.5,2023-02-01,2023-02-28
Oman,2023-03,30,1,5427.0,1669.0,3758.0,0.0,102.0,1657.0,6.1,6.2,0.72,5.0,69.2,2023-03-01,2023-03-31
Oman,2023-04,30,1,4879.0,1759.0,3120.0,0.0,89.0,1736.0,5.1,5.1,1.31,5.2,63.9,2023-04-01,2023-04-30
Oman,2023-05,31,1,5645.0,2019.0,3626.0,0.0,161.0,2003.0,8.0,8.0,0.79,5.0,64.2,2023-05-01,2023-05-31
Oman,2023-06,30,1,7845.0,2606.0,5239.0,0.0,122.0,2573.0,4.7,4.7,1.27,5.0,66.8,2023-06-01,2023-06-30
Oman,2023-07,31,1,6617.0,3411.0,3206.0,0.0,77.0,3364.0,2.3,2.3,1.38,5.0,48.5,2023-07-01,2023-07-31
Oman,2023-08,31,1,7119.0,4050.0,3069.0,0.0,77.0,4007.0,1.9,1.9,1.06,5.2,43.1,2023-08-01,2023-08-31
Oman,2023-09,29,1,6853.0,4079.0,2774.0,0.0,89.0,4031.0,2.2,2.2,1.18,5.0,40.5,2023-09-01,2023-09-30
Oman,2023-10,31,1,9353.0,5583.0,3770.0,0.0,141.0,5534.0,2.5,2.5,0.88,4.9,40.3,2023-10-01,2023-10-31
Oman,2023-11,30,1,11636.0,6725.0,4911.0,0.0,151.0,6670.0,2.2,2.3,0.82,5.1,42.2,2023-11-01,2023-11-30
Oman,2023-12,31,1,13203.0,9185.0,4018.0,0.0,145.0,9099.0,1.6,1.6,0.94,5.6,30.4,2023-12-01,2023-12-31
Oman,2024-01,28,1,11766.0,6462.0,5304.0,0.0,183.0,6386.0,2.8,2.9,1.18,7.3,45.1,2024-01-01,2024-01-31
Oman,2024-02,28,1,10814.0,7106.0,3708.0,0.0,251.0,7029.0,3.5,3.6,1.08,8.3,34.3,2024-02-01,2024-02-29
Oman,2024-03,29,1,10967.0,6921.0,4046.0,0.0,169.0,6853.0,2.4,2.5,0.98,8.2,36.9,2024-03-01,2024-03-31
Oman,2024-04,30,1,12872.0,6478.0,6394.0,0.0,318.0,6388.0,4.9,5.0,1.39,9.6,49.7,2024-04-01,2024-04-30
Oman,2024-05,31,1,15103.0,7752.0,7351.0,0.0,276.0,7664.0,3.6,3.6,1.14,9.1,48.7,2024-05-01,2024-05-31
Oman,2024-06,30,1,16906.0,5675.0,11231.0,0.0,167.0,5614.0,2.9,3.0,1.07,7.3,66.4,2024-06-01,2024-06-30
Oman,2024-07,31,1,14813.0,7995.0,6818.0,0.0,127.0,7907.0,1.6,1.6,1.1,8.2,46.0,2024-07-01,2024-07-31
Oman,2024-08,31,1,17450.0,9509.0,7941.0,0.0,179.0,9394.0,1.9,1.9,1.21,7.7,45.5,2024-08-01,2024-08-31
Oman,2024-09,30,1,14419.0,7893.0,6526.0,0.0,223.0,7812.0,2.8,2.9,1.03,8.1,45.3,2024-09-01,2024-09-30
Oman,2024-10,31,1,14408.0,6807.0,7601.0,0.0,244.0,6741.0,3.6,3.6,0.97,7.9,52.8,2024-10-01,2024-10-31
Oman,2024-11,30,1,13912.0,5331.0,8581.0,0.0,245.0,5282.0,4.6,4.6,0.92,8.0,61.7,2024-11-01,2024-11-30
Oman,2024-12,31,1,12405.0,4416.0,7989.0,0.0,189.0,4381.0,4.3,4.3,0.79,7.1,64.4,2024-12-01,2024-12-31
Oman,2025-01,31,1,14878.0,5635.0,9243.0,0.0,190.0,5587.0,3.4,3.4,0.85,7.0,62.1,2025-01-01,2025-01-31
Oman,2025-02,28,1,15200.0,6260.0,8940.0,0.0,178.0,6219.0,2.8,2.9,0.65,7.4,58.8,2025-02-01,2025-02-28
Oman,2025-03,31,1,10244.0,4271.0,5973.0,0.0,142.0,4217.0,3.3,3.4,1.26,7.2,58.3,2025-03-01,2025-03-31
Oman,2025-04,30,1,14864.0,7867.0,6997.0,0.0,158.0,7772.0,2.0,2.0,1.21,6.1,47.1,2025-04-01,2025-04-30
Oman,2025-05,31,1,14587.0,7351.0,7236.0,0.0,195.0,7264.0,2.7,2.7,1.18,6.6,49.6,2025-05-01,2025-05-31
Oman,2025-06,30,1,13476.0,5292.0,8184.0,0.0,110.0,5226.0,2.1,2.1,1.25,6.4,60.7,2025-06-01,2025-06-30
Oman,2025-07,31,1,13498.0,5426.0,8072.0,0.0,93.0,5357.0,1.7,1.7,1.27,6.9,59.8,2025-07-01,2025-07-31
Oman,2025-08,31,1,16133.0,6816.0,9317.0,0.0,145.0,6728.0,2.1,2.2,1.29,6.6,57.8,2025-08-01,2025-08-31
Oman,2025-09,30,1,14184.0,6189.0,7995.0,0.0,166.0,6116.0,2.7,2.7,1.18,6.8,56.4,2025-09-01,2025-09-30
Oman,2025-10,31,1,14440.0,6363.0,8077.0,0.0,99.0,6299.0,1.6,1.6,1.01,4.6,55.9,2025-10-01,2025-10-31
Oman,2025-11,30,1,15962.0,5767.0,10195.0,0.0,130.0,5714.0,2.3,2.3,0.92,4.1,63.9,2025-11-01,2025-11-30
Oman,2025-12,31,1,15127.0,6045.0,9082.0,0.0,170.0,5971.0,2.8,2.8,1.22,5.5,60.0,2025-12-01,2025-12-31
Oman,2026-01,31,1,16937.0,6036.0,10901.0,0.0,128.0,5968.0,2.1,2.1,1.13,5.3,64.4,2026-01-01,2026-01-31
Oman,2026-02,28,1,13154.0,5337.0,7817.0,0.0,140.0,5300.0,2.6,2.6,0.69,5.3,59.4,2026-02-01,2026-02-28
Philippines,2023-01,31,1,17503.0,6667.0,10836.0,0.0,635.0,6578.0,9.5,9.7,1.33,9.7,61.9,2023-01-01,2023-01-31
Philippines,2023-02,28,1,15877.0,4495.0,11382.0,0.0,509.0,4423.0,11.3,11.5,1.6,9.7,71.7,2023-02-01,2023-02-28
Philippines,2023-03,31,1,17274.0,4233.0,13041.0,0.0,128.0,4175.0,3.0,3.1,1.37,9.7,75.5,2023-03-01,2023-03-31
Philippines,2023-04,30,1,17926.0,4070.0,13856.0,0.0,70.0,4017.0,1.7,1.7,1.3,9.8,77.3,2023-04-01,2023-04-30
Philippines,2023-05,31,1,17539.0,4126.0,13413.0,0.0,73.0,4063.0,1.8,1.8,1.53,9.9,76.5,2023-05-01,2023-05-31
Philippines,2023-06,30,1,18018.0,4997.0,13021.0,0.0,19.0,4929.0,0.4,0.4,1.36,9.9,72.3,2023-06-01,2023-06-30
Philippines,2023-07,31,1,18815.0,5341.0,13474.0,0.0,34.0,5263.0,0.6,0.6,1.46,9.7,71.6,2023-07-01,2023-07-31
Philippines,2023-08,31,1,19319.0,4879.0,14440.0,0.0,44.0,4819.0,0.9,0.9,1.23,9.9,74.7,2023-08-01,2023-08-31
Philippines,2023-09,30,1,18442.0,4802.0,13640.0,0.0,11.0,4731.0,0.2,0.2,1.48,9.8,74.0,2023-09-01,2023-09-30
Philippines,2023-10,31,1,19276.0,4521.0,14755.0,0.0,154.0,4452.0,3.4,3.5,1.53,9.0,76.5,2023-10-01,2023-10-31
Philippines,2023-11,30,1,16113.0,3850.0,12263.0,0.0,265.0,3797.0,6.9,7.0,1.38,9.9,76.1,2023-11-01,2023-11-30
Philippines,2023-12,31,1,18582.0,5593.0,12989.0,0.0,350.0,5514.0,6.3,6.3,1.41,9.0,69.9,2023-12-01,2023-12-31
Philippines,2024-01,31,1,20745.0,5508.0,15237.0,0.0,171.0,5438.0,3.1,3.1,1.27,8.8,73.4,2024-01-01,2024-01-31
Philippines,2024-02,29,1,18928.0,4259.0,14669.0,0.0,291.0,4198.0,6.8,6.9,1.43,8.8,77.5,2024-02-01,2024-02-29
Philippines,2024-03,31,1,20193.0,4029.0,16164.0,0.0,265.0,3961.0,6.6,6.7,1.69,8.8,80.0,2024-03-01,2024-03-31
Philippines,2024-04,30,1,19022.0,4949.0,14073.0,0.0,304.0,4877.0,6.1,6.2,1.45,9.6,74.0,2024-04-01,2024-04-30
Philippines,2024-05,31,1,20150.0,4572.0,15578.0,0.0,317.0,4502.0,6.9,7.0,1.53,9.2,77.3,2024-05-01,2024-05-31
Philippines,2024-06,30,1,21333.0,6594.0,14739.0,0.0,203.0,6512.0,3.1,3.1,1.24,8.5,69.1,2024-06-01,2024-06-30
Philippines,2024-07,31,1,22377.0,5926.0,16451.0,0.0,347.0,5855.0,5.9,5.9,1.2,8.0,73.5,2024-07-01,2024-07-31
Philippines,2024-08,31,1,20593.0,6769.0,13824.0,0.0,278.0,6671.0,4.1,4.2,1.45,10.0,67.1,2024-08-01,2024-08-31
Philippines,2024-09,30,1,19059.0,4595.0,14464.0,0.0,262.0,4535.0,5.7,5.8,1.31,8.9,75.9,2024-09-01,2024-09-30
Philippines,2024-10,31,1,19285.0,4382.0,14903.0,0.0,284.0,4323.0,6.5,6.6,1.35,9.6,77.3,2024-10-01,2024-10-31
Philippines,2024-11,30,1,19404.0,4563.0,14841.0,0.0,336.0,4489.0,7.4,7.5,1.62,9.5,76.5,2024-11-01,2024-11-30
Philippines,2024-12,31,1,18733.0,6401.0,12332.0,0.0,403.0,6327.0,6.3,6.4,1.16,8.5,65.8,2024-12-01,2024-12-31
Philippines,2025-01,31,1,19933.0,6076.0,13857.0,0.0,100.0,5999.0,1.6,1.7,1.27,8.0,69.5,2025-01-01,2025-01-31
Philippines,2025-02,28,1,18448.0,3517.0,14931.0,0.0,182.0,3478.0,5.2,5.2,1.11,7.6,80.9,2025-02-01,2025-02-28
Philippines,2025-03,31,1,19694.0,3484.0,16210.0,0.0,201.0,3434.0,5.8,5.9,1.44,7.9,82.3,2025-03-01,2025-03-31
Philippines,2025-04,30,1,15264.0,4058.0,11206.0,0.0,102.0,4001.0,2.5,2.5,1.4,8.0,73.4,2025-04-01,2025-04-30
Philippines,2025-05,31,1,17637.0,4763.0,12874.0,0.0,42.0,4710.0,0.9,0.9,1.11,7.6,73.0,2025-05-01,2025-05-31
Philippines,2025-06,30,1,15650.0,4425.0,11225.0,0.0,149.0,4369.0,3.4,3.4,1.27,8.6,71.7,2025-06-01,2025-06-30
Philippines,2025-07,31,1,15071.0,3957.0,11114.0,0.0,281.0,3899.0,7.1,7.2,1.47,8.6,73.7,2025-07-01,2025-07-31
Philippines,2025-08,31,1,18823.0,5664.0,13159.0,0.0,281.0,5596.0,5.0,5.0,1.2,8.8,69.9,2025-08-01,2025-08-31
Philippines,2025-09,30,1,16669.0,3777.0,12892.0,0.0,145.0,3735.0,3.8,3.9,1.11,8.7,77.3,2025-09-01,2025-09-30
Philippines,2025-10,31,1,19162.0,5132.0,14030.0,0.0,293.0,5076.0,5.7,5.8,1.09,9.2,73.2,2025-10-01,2025-10-31
Philippines,2025-11,30,1,16769.0,4801.0,11968.0,0.0,291.0,4730.0,6.1,6.2,1.48,9.2,71.4,2025-11-01,2025-11-30
Philippines,2025-12,31,1,18264.0,7401.0,10860.0,3.0,371.0,7320.0,5.0,5.1,1.09,8.7,59.5,2025-12-01,2025-12-31
Philippines,2026-01,31,1,18572.0,7273.0,11299.0,0.0,153.0,7207.0,2.1,2.1,0.91,8.6,60.8,2026-01-01,2026-01-31
Philippines,2026-02,28,1,17786.0,4023.0,13763.0,0.0,243.0,3971.0,6.0,6.1,1.29,9.1,77.4,2026-02-01,2026-02-28
Poland,2025-06,16,1,4368.0,673.0,3695.0,0.0,207.0,665.0,30.8,31.1,1.19,9.7,84.6,2025-06-03,2025-06-29
Poland,2025-07,18,1,4917.0,939.0,3978.0,0.0,209.0,926.0,22.3,22.6,1.38,9.7,80.9,2025-07-01,2025-07-31
Poland,2025-08,18,1,5172.0,1383.0,3789.0,0.0,282.0,1359.0,20.4,20.8,1.74,9.7,73.3,2025-08-02,2025-08-31
Poland,2025-09,17,1,4851.0,709.0,4142.0,0.0,192.0,698.0,27.1,27.5,1.55,9.7,85.4,2025-09-02,2025-09-30
Poland,2025-10,18,1,5165.0,816.0,4349.0,0.0,158.0,809.0,19.4,19.5,0.86,9.7,84.2,2025-10-02,2025-10-31
Poland,2025-11,20,1,5520.0,915.0,4605.0,0.0,179.0,906.0,19.6,19.8,0.98,9.7,83.4,2025-11-02,2025-11-30
Poland,2025-12,26,1,7081.0,1303.0,5778.0,0.0,222.0,1287.0,17.0,17.2,1.23,9.7,81.6,2025-12-01,2025-12-31
Poland,2026-01,27,1,7580.0,1064.0,6516.0,0.0,188.0,1056.0,17.7,17.8,0.75,9.7,86.0,2026-01-01,2026-01-31
Poland,2026-02,23,1,6385.0,948.0,5437.0,0.0,209.0,936.0,22.0,22.3,1.27,9.7,85.2,2026-02-01,2026-02-27
Qatar,2023-01,31,1,7232.0,2559.0,4673.0,0.0,163.0,2515.0,6.4,6.5,1.72,4.8,64.6,2023-01-01,2023-01-31
Qatar,2023-02,28,1,5437.0,2342.0,3095.0,0.0,167.0,2320.0,7.1,7.2,0.94,5.1,56.9,2023-02-01,2023-02-28
Qatar,2023-03,31,1,6293.0,2835.0,3458.0,0.0,137.0,2802.0,4.8,4.9,1.16,4.8,54.9,2023-03-01,2023-03-31
Qatar,2023-04,30,1,9250.0,3252.0,5998.0,0.0,156.0,3183.0,4.8,4.9,2.12,5.0,64.8,2023-04-01,2023-04-30
Qatar,2023-05,31,1,10924.0,2919.0,8005.0,0.0,198.0,2874.0,6.8,6.9,1.54,4.9,73.3,2023-05-01,2023-05-31
Qatar,2023-06,30,1,14010.0,1765.0,12245.0,0.0,39.0,1747.0,2.2,2.2,1.02,4.8,87.4,2023-06-01,2023-06-30
Qatar,2023-07,31,1,12939.0,2748.0,10191.0,0.0,89.0,2728.0,3.2,3.3,0.73,5.0,78.8,2023-07-01,2023-07-31
Qatar,2023-08,31,1,11794.0,3210.0,8584.0,0.0,111.0,3155.0,3.5,3.5,1.71,5.0,72.8,2023-08-01,2023-08-31
Qatar,2023-09,30,1,8378.0,2424.0,5954.0,0.0,182.0,2403.0,7.5,7.6,0.87,4.8,71.1,2023-09-01,2023-09-30
Qatar,2023-10,31,1,13546.0,3754.0,9792.0,0.0,223.0,3716.0,5.9,6.0,1.01,4.8,72.3,2023-10-01,2023-10-31
Qatar,2023-11,30,1,13394.0,3965.0,9429.0,0.0,204.0,3929.0,5.1,5.2,0.91,5.5,70.4,2023-11-01,2023-11-30
Qatar,2023-12,31,1,15749.0,5859.0,9890.0,0.0,311.0,5750.0,5.3,5.4,1.86,5.9,62.8,2023-12-01,2023-12-31
Qatar,2024-01,31,1,12580.0,4730.0,7850.0,0.0,358.0,4662.0,7.6,7.7,1.44,6.7,62.4,2024-01-01,2024-01-31
Qatar,2024-02,29,1,12948.0,4682.0,8266.0,0.0,276.0,4647.0,5.9,5.9,0.75,6.4,63.8,2024-02-01,2024-02-29
Qatar,2024-03,31,1,12463.0,3157.0,9306.0,0.0,270.0,3113.0,8.6,8.7,1.39,6.7,74.7,2024-03-01,2024-03-31
Qatar,2024-04,30,1,14211.0,3739.0,10472.0,0.0,328.0,3672.0,8.8,8.9,1.79,7.2,73.7,2024-04-01,2024-04-30
Qatar,2024-05,31,1,13292.0,2030.0,11262.0,0.0,241.0,2014.0,11.9,12.0,0.79,6.5,84.7,2024-05-01,2024-05-31
Qatar,2024-06,30,1,16318.0,2092.0,14226.0,0.0,141.0,2061.0,6.7,6.8,1.48,6.9,87.2,2024-06-01,2024-06-30
Qatar,2024-07,31,1,17837.0,2522.0,15315.0,0.0,195.0,2492.0,7.7,7.8,1.19,7.4,85.9,2024-07-01,2024-07-31
Qatar,2024-08,31,1,14928.0,3318.0,11610.0,0.0,199.0,3269.0,6.0,6.1,1.48,7.5,77.8,2024-08-01,2024-08-31
Qatar,2024-09,30,1,10754.0,2668.0,8086.0,0.0,202.0,2644.0,7.6,7.6,0.9,6.4,75.2,2024-09-01,2024-09-30
Qatar,2024-10,31,1,15439.0,4736.0,10703.0,0.0,371.0,4675.0,7.8,7.9,1.29,6.4,69.3,2024-10-01,2024-10-31
Qatar,2024-11,30,1,13811.0,4583.0,9228.0,0.0,308.0,4536.0,6.7,6.8,1.03,6.2,66.8,2024-11-01,2024-11-30
Qatar,2024-12,31,1,18365.0,8748.0,9617.0,0.0,403.0,8610.0,4.6,4.7,1.58,6.9,52.4,2024-12-01,2024-12-31
Qatar,2025-01,31,1,11749.0,6525.0,5224.0,0.0,355.0,6453.0,5.4,5.5,1.1,7.0,44.5,2025-01-01,2025-01-31
Qatar,2025-02,28,1,14412.0,8214.0,6198.0,0.0,330.0,8125.0,4.0,4.1,1.08,6.2,43.0,2025-02-01,2025-02-28
Qatar,2025-03,31,1,11792.0,3477.0,8315.0,0.0,227.0,3445.0,6.5,6.6,0.92,6.4,70.5,2025-03-01,2025-03-31
Qatar,2025-04,30,1,13461.0,5811.0,7650.0,0.0,261.0,5723.0,4.5,4.6,1.51,5.6,56.8,2025-04-01,2025-04-30
Qatar,2025-05,31,1,13218.0,3663.0,9555.0,0.0,291.0,3637.0,7.9,8.0,0.71,6.4,72.3,2025-05-01,2025-05-31
Qatar,2025-06,30,1,14814.0,2785.0,12029.0,0.0,221.0,2738.0,7.9,8.1,1.69,6.1,81.2,2025-06-01,2025-06-30
Qatar,2025-07,31,1,16144.0,2622.0,13522.0,0.0,120.0,2586.0,4.6,4.6,1.37,6.3,83.8,2025-07-01,2025-07-31
Qatar,2025-08,31,1,13705.0,3494.0,10211.0,0.0,137.0,3454.0,3.9,4.0,1.14,7.0,74.5,2025-08-01,2025-08-31
Qatar,2025-09,30,1,9502.0,2682.0,6820.0,0.0,176.0,2655.0,6.6,6.6,1.01,6.4,71.8,2025-09-01,2025-09-30
Qatar,2025-10,31,1,13184.0,4360.0,8824.0,0.0,252.0,4309.0,5.8,5.8,1.17,6.5,66.9,2025-10-01,2025-10-31
Qatar,2025-11,30,1,11071.0,3570.0,7501.0,0.0,240.0,3543.0,6.7,6.8,0.76,6.4,67.8,2025-11-01,2025-11-30
Qatar,2025-12,31,1,17786.0,6244.0,11542.0,0.0,337.0,6161.0,5.4,5.5,1.33,6.6,64.9,2025-12-01,2025-12-31
Qatar,2026-01,31,1,13691.0,4537.0,9154.0,0.0,235.0,4471.0,5.2,5.3,1.45,6.6,66.9,2026-01-01,2026-01-31
Qatar,2026-02,28,1,11170.0,4162.0,7008.0,0.0,237.0,4117.0,5.7,5.8,1.08,6.6,62.7,2026-02-01,2026-02-28
Russian Federation,2023-01,31,1,10295.0,1367.0,8928.0,0.0,281.0,1350.0,20.6,20.8,1.24,9.7,86.7,2023-01-01,2023-01-31
Russian Federation,2023-02,28,1,10909.0,1804.0,9105.0,0.0,383.0,1779.0,21.2,21.5,1.39,9.7,83.5,2023-02-01,2023-02-28
Russian Federation,2023-03,31,1,9684.0,2178.0,7506.0,0.0,285.0,2138.0,13.1,13.3,1.84,9.7,77.5,2023-03-01,2023-03-31
Russian Federation,2023-04,30,1,6391.0,1939.0,4452.0,0.0,277.0,1909.0,14.3,14.5,1.55,9.7,69.7,2023-04-01,2023-04-30
Russian Federation,2023-05,31,1,5940.0,1132.0,4808.0,0.0,181.0,1123.0,16.0,16.1,0.8,9.7,80.9,2023-05-01,2023-05-31
Russian Federation,2023-06,30,1,7175.0,1126.0,6049.0,0.0,169.0,1103.0,15.0,15.3,2.04,9.7,84.3,2023-06-01,2023-06-30
Russian Federation,2023-07,28,1,7308.0,1880.0,5428.0,0.0,176.0,1852.0,9.4,9.5,1.49,9.7,74.3,2023-07-01,2023-07-31
Russian Federation,2023-08,29,1,7709.0,2919.0,4790.0,0.0,277.0,2866.0,9.5,9.7,1.82,9.7,62.1,2023-08-01,2023-08-31
Russian Federation,2023-09,30,1,7227.0,1754.0,5473.0,0.0,270.0,1725.0,15.4,15.7,1.65,9.7,75.7,2023-09-01,2023-09-30
Russian Federation,2023-10,32,2,8696.0,2845.0,5851.0,0.0,499.0,2801.0,17.5,17.8,1.55,9.7,67.3,2023-10-01,2023-10-31
Russian Federation,2023-11,42,2,10370.0,2623.0,7747.0,0.0,588.0,2577.0,22.4,22.8,1.75,9.7,74.7,2023-11-01,2023-11-30
Russian Federation,2023-12,44,2,9499.0,4854.0,4645.0,0.0,578.0,4812.0,11.9,12.0,0.87,9.7,48.9,2023-12-01,2023-12-31
Russian Federation,2024-01,44,2,10563.0,3727.0,6836.0,0.0,422.0,3687.0,11.3,11.4,1.07,9.7,64.7,2024-01-01,2024-01-31
Russian Federation,2024-02,42,2,10814.0,3461.0,7353.0,0.0,585.0,3415.0,16.9,17.1,1.33,9.7,68.0,2024-02-01,2024-02-29
Russian Federation,2024-03,44,2,10250.0,5027.0,5223.0,0.0,713.0,4960.0,14.2,14.4,1.33,9.7,51.0,2024-03-01,2024-03-31
Russian Federation,2024-04,39,2,9044.0,5762.0,3282.0,0.0,776.0,5681.0,13.5,13.7,1.41,9.7,36.3,2024-04-01,2024-04-30
Russian Federation,2024-05,40,2,7548.0,3587.0,3961.0,0.0,541.0,3542.0,15.1,15.3,1.25,9.7,52.5,2024-05-01,2024-05-31
Russian Federation,2024-06,38,2,10282.0,2788.0,7494.0,0.0,577.0,2746.0,20.7,21.0,1.51,9.7,72.9,2024-06-01,2024-06-30
Russian Federation,2024-07,40,2,10977.0,2781.0,8196.0,0.0,488.0,2737.0,17.5,17.8,1.58,9.7,74.7,2024-07-01,2024-07-31
Russian Federation,2024-08,40,2,11395.0,5042.0,6353.0,0.0,495.0,4977.0,9.8,9.9,1.29,9.7,55.8,2024-08-01,2024-08-31
Russian Federation,2024-09,39,2,10841.0,3673.0,7168.0,0.0,583.0,3598.0,15.9,16.2,2.04,9.7,66.1,2024-09-01,2024-09-30
Russian Federation,2024-10,40,2,12822.0,4882.0,7940.0,0.0,865.0,4819.0,17.7,17.9,1.29,9.8,61.9,2024-10-01,2024-10-31
Russian Federation,2024-11,43,2,19264.0,5191.0,14073.0,0.0,1160.0,5097.0,22.3,22.8,1.81,9.8,73.1,2024-11-01,2024-11-30
Russian Federation,2024-12,44,2,19266.0,6291.0,12975.0,0.0,846.0,6239.0,13.4,13.6,0.83,9.7,67.3,2024-12-01,2024-12-31
Russian Federation,2025-01,44,2,18625.0,4606.0,14019.0,0.0,657.0,4558.0,14.3,14.4,1.04,9.7,75.3,2025-01-01,2025-01-31
Russian Federation,2025-02,40,2,18402.0,4039.0,14363.0,0.0,901.0,3999.0,22.3,22.5,0.99,9.7,78.1,2025-02-01,2025-02-28
Russian Federation,2025-03,44,2,18507.0,5402.0,13105.0,0.0,1098.0,5317.0,20.3,20.7,1.57,9.7,70.8,2025-03-01,2025-03-31
Russian Federation,2025-04,30,1,16366.0,6682.0,9684.0,0.0,1037.0,6597.0,15.5,15.7,1.27,9.7,59.2,2025-04-01,2025-04-30
Russian Federation,2025-05,32,2,15187.0,3551.0,11636.0,0.0,776.0,3483.0,21.9,22.3,1.91,9.7,76.6,2025-05-01,2025-05-31
Russian Federation,2025-06,43,2,18581.0,2740.0,15841.0,0.0,558.0,2688.0,20.4,20.8,1.9,9.2,85.3,2025-06-01,2025-06-30
Russian Federation,2025-07,45,2,19890.0,3301.0,16589.0,0.0,484.0,3256.0,14.7,14.9,1.36,9.2,83.4,2025-07-01,2025-07-31
Russian Federation,2025-08,44,2,19737.0,5284.0,14453.0,0.0,545.0,5213.0,10.3,10.5,1.34,9.2,73.2,2025-08-01,2025-08-31
Russian Federation,2025-09,43,2,18439.0,3283.0,15156.0,0.0,598.0,3211.0,18.2,18.6,2.19,9.2,82.2,2025-09-01,2025-09-30
Russian Federation,2025-10,46,3,24795.0,8485.0,16310.0,0.0,1212.0,8365.0,14.3,14.5,1.41,8.6,65.8,2025-10-01,2025-10-31
Russian Federation,2025-11,56,3,26616.0,7971.0,18645.0,0.0,1266.0,7874.0,15.9,16.1,1.22,8.7,70.1,2025-11-01,2025-11-30
Russian Federation,2025-12,78,4,31384.0,11515.0,19869.0,0.0,953.0,11427.0,8.3,8.3,0.76,8.2,63.3,2025-12-01,2025-12-31
Russian Federation,2026-01,83,4,30147.0,8969.0,21178.0,0.0,892.0,8860.0,9.9,10.1,1.22,8.7,70.2,2026-01-01,2026-01-31
Russian Federation,2026-02,72,4,28042.0,7095.0,20947.0,0.0,1049.0,7028.0,14.8,14.9,0.94,8.3,74.7,2026-02-01,2026-02-28
Saudi Arabia,2023-01,111,4,35026.0,11829.0,23197.0,0.0,863.0,11677.0,7.3,7.4,1.28,4.8,66.2,2023-01-01,2023-01-31
Saudi Arabia,2023-02,99,4,30626.0,9694.0,20932.0,0.0,789.0,9591.0,8.1,8.2,1.06,5.0,68.3,2023-02-01,2023-02-28
Saudi Arabia,2023-03,94,4,31004.0,9792.0,21212.0,0.0,494.0,9713.0,5.0,5.1,0.81,4.8,68.4,2023-03-01,2023-03-31
Saudi Arabia,2023-04,90,3,39311.0,11944.0,27367.0,0.0,622.0,11847.0,5.2,5.3,0.81,5.1,69.6,2023-04-01,2023-04-30
Saudi Arabia,2023-05,93,3,38220.0,10514.0,27706.0,0.0,874.0,10397.0,8.3,8.4,1.11,5.5,72.5,2023-05-01,2023-05-31
Saudi Arabia,2023-06,90,3,35089.0,8172.0,26917.0,0.0,264.0,8076.0,3.2,3.3,1.17,5.1,76.7,2023-06-01,2023-06-30
Saudi Arabia,2023-07,93,3,42636.0,11271.0,31365.0,0.0,308.0,11115.0,2.7,2.8,1.38,5.1,73.6,2023-07-01,2023-07-31
Saudi Arabia,2023-08,93,3,39025.0,13408.0,25617.0,0.0,512.0,13218.0,3.8,3.9,1.42,5.1,65.6,2023-08-01,2023-08-31
Saudi Arabia,2023-09,90,3,35791.0,12127.0,23664.0,0.0,568.0,11998.0,4.7,4.7,1.06,5.0,66.1,2023-09-01,2023-09-30
Saudi Arabia,2023-10,93,3,42364.0,14392.0,27972.0,0.0,735.0,14243.0,5.1,5.2,1.04,5.4,66.0,2023-10-01,2023-10-31
Saudi Arabia,2023-11,90,3,39836.0,13910.0,25926.0,0.0,589.0,13717.0,4.2,4.3,1.39,5.5,65.1,2023-11-01,2023-11-30
Saudi Arabia,2023-12,93,3,42050.0,19105.0,22945.0,0.0,800.0,18830.0,4.2,4.2,1.44,5.9,54.6,2023-12-01,2023-12-31
Saudi Arabia,2024-01,93,3,43669.0,18229.0,25440.0,0.0,1193.0,17991.0,6.5,6.6,1.31,6.9,58.3,2024-01-01,2024-01-31
Saudi Arabia,2024-02,87,3,42735.0,16653.0,26082.0,0.0,1238.0,16465.0,7.4,7.5,1.13,7.0,61.0,2024-02-01,2024-02-29
Saudi Arabia,2024-03,93,3,47081.0,17497.0,29584.0,0.0,1683.0,17406.0,9.6,9.7,0.52,7.7,62.8,2024-03-01,2024-03-31
Saudi Arabia,2024-04,90,3,54876.0,13752.0,41124.0,0.0,1174.0,13552.0,8.5,8.7,1.45,7.7,74.9,2024-04-01,2024-04-30
Saudi Arabia,2024-05,93,3,46636.0,12372.0,34264.0,0.0,832.0,12279.0,6.7,6.8,0.75,7.6,73.5,2024-05-01,2024-05-31
Saudi Arabia,2024-06,94,4,57267.0,6607.0,50660.0,0.0,222.0,6535.0,3.4,3.4,1.09,7.6,88.5,2024-06-01,2024-06-30
Saudi Arabia,2024-07,111,4,51503.0,10744.0,40759.0,0.0,320.0,10625.0,3.0,3.0,1.11,7.4,79.1,2024-07-01,2024-07-31
Saudi Arabia,2024-08,111,4,52055.0,14390.0,37665.0,0.0,538.0,14209.0,3.7,3.8,1.26,6.9,72.4,2024-08-01,2024-08-31
Saudi Arabia,2024-09,107,4,51178.0,14867.0,36311.0,0.0,881.0,14699.0,5.9,6.0,1.13,6.9,71.0,2024-09-01,2024-09-30
Saudi Arabia,2024-10,110,4,54432.0,17429.0,37003.0,0.0,1102.0,17258.0,6.3,6.4,0.98,6.9,68.0,2024-10-01,2024-10-31
Saudi Arabia,2024-11,108,4,54601.0,15882.0,38719.0,0.0,611.0,15709.0,3.8,3.9,1.09,5.5,70.9,2024-11-01,2024-11-30
Saudi Arabia,2024-12,110,4,55561.0,18119.0,37442.0,0.0,531.0,17921.0,2.9,3.0,1.09,5.4,67.4,2024-12-01,2024-12-31
Saudi Arabia,2025-01,111,4,52433.0,20635.0,31798.0,0.0,642.0,20381.0,3.1,3.1,1.23,6.2,60.6,2025-01-01,2025-01-31
Saudi Arabia,2025-02,100,4,46593.0,17937.0,28656.0,0.0,691.0,17752.0,3.9,3.9,1.03,6.3,61.5,2025-02-01,2025-02-28
Saudi Arabia,2025-03,111,4,52561.0,18545.0,34016.0,0.0,808.0,18435.0,4.4,4.4,0.59,5.5,64.7,2025-03-01,2025-03-31
Saudi Arabia,2025-04,103,4,59454.0,15089.0,44365.0,0.0,518.0,14869.0,3.4,3.5,1.46,5.5,74.6,2025-04-01,2025-04-30
Saudi Arabia,2025-05,106,4,49877.0,13008.0,36869.0,0.0,464.0,12863.0,3.6,3.6,1.11,6.1,73.9,2025-05-01,2025-05-31
Saudi Arabia,2025-06,103,4,55185.0,10276.0,44909.0,0.0,235.0,10136.0,2.3,2.3,1.36,6.0,81.4,2025-06-01,2025-06-30
Saudi Arabia,2025-07,106,4,52991.0,14695.0,38296.0,0.0,406.0,14515.0,2.8,2.8,1.22,6.3,72.3,2025-07-01,2025-07-31
Saudi Arabia,2025-08,106,4,53961.0,18526.0,35435.0,0.0,508.0,18220.0,2.7,2.8,1.65,6.5,65.7,2025-08-01,2025-08-31
Saudi Arabia,2025-09,103,4,49123.0,15839.0,33284.0,0.0,656.0,15666.0,4.1,4.2,1.09,6.5,67.8,2025-09-01,2025-09-30
Saudi Arabia,2025-10,104,4,55647.0,19615.0,36032.0,0.0,875.0,19393.0,4.5,4.5,1.13,6.9,64.8,2025-10-01,2025-10-31
Saudi Arabia,2025-11,102,5,57381.0,17072.0,40309.0,0.0,977.0,16874.0,5.7,5.8,1.16,6.9,70.2,2025-11-01,2025-11-30
Saudi Arabia,2025-12,124,5,61989.0,20700.0,41289.0,0.0,929.0,20448.0,4.5,4.5,1.22,7.1,66.6,2025-12-01,2025-12-31
Saudi Arabia,2026-01,132,5,62654.0,19686.0,42968.0,0.0,757.0,19449.0,3.8,3.9,1.2,7.2,68.6,2026-01-01,2026-01-31
Saudi Arabia,2026-02,120,5,51698.0,17734.0,33964.0,0.0,890.0,17562.0,5.0,5.1,0.97,7.4,65.7,2026-02-01,2026-02-28
South Korea,2023-01,28,1,10462.0,3357.0,7105.0,0.0,687.0,3343.0,20.5,20.6,0.42,9.8,67.9,2023-01-01,2023-01-31
South Korea,2023-02,27,1,8044.0,2695.0,5349.0,0.0,505.0,2688.0,18.7,18.8,0.26,9.8,66.5,2023-02-01,2023-02-28
South Korea,2023-03,31,1,7379.0,2075.0,5304.0,0.0,437.0,2066.0,21.1,21.2,0.43,9.7,71.9,2023-03-01,2023-03-31
South Korea,2023-04,30,1,7478.0,2262.0,5216.0,0.0,251.0,2249.0,11.1,11.2,0.57,9.7,69.8,2023-04-01,2023-04-30
South Korea,2023-05,31,1,8616.0,2249.0,6367.0,0.0,309.0,2235.0,13.7,13.8,0.62,9.7,73.9,2023-05-01,2023-05-31
South Korea,2023-06,30,1,9064.0,1693.0,7371.0,0.0,335.0,1687.0,19.8,19.9,0.35,9.8,81.3,2023-06-01,2023-06-30
South Korea,2023-07,31,1,8979.0,1800.0,7179.0,0.0,264.0,1793.0,14.7,14.7,0.39,9.8,80.0,2023-07-01,2023-07-31
South Korea,2023-08,31,1,9872.0,2006.0,7866.0,0.0,141.0,1996.0,7.0,7.1,0.5,9.8,79.7,2023-08-01,2023-08-31
South Korea,2023-09,30,1,8989.0,1637.0,7352.0,0.0,77.0,1631.0,4.7,4.7,0.37,9.7,81.8,2023-09-01,2023-09-30
South Korea,2023-10,31,1,8340.0,2138.0,6202.0,0.0,365.0,2130.0,17.1,17.1,0.37,9.8,74.4,2023-10-01,2023-10-31
South Korea,2023-11,30,1,5976.0,1939.0,4037.0,0.0,406.0,1928.0,20.9,21.1,0.57,9.7,67.6,2023-11-01,2023-11-30
South Korea,2023-12,30,1,6435.0,2273.0,4162.0,0.0,501.0,2263.0,22.0,22.1,0.44,9.7,64.7,2023-12-01,2023-12-31
South Korea,2024-01,30,1,7668.0,2496.0,5172.0,0.0,463.0,2488.0,18.5,18.6,0.32,9.7,67.4,2024-01-01,2024-01-31
South Korea,2024-02,28,1,6191.0,2220.0,3971.0,0.0,469.0,2213.0,21.1,21.2,0.32,9.7,64.1,2024-02-01,2024-02-29
South Korea,2024-03,31,1,5900.0,1928.0,3972.0,0.0,401.0,1922.0,20.8,20.9,0.31,9.7,67.3,2024-03-01,2024-03-31
South Korea,2024-04,30,1,7902.0,1968.0,5934.0,0.0,327.0,1952.0,16.6,16.8,0.81,9.7,75.1,2024-04-01,2024-04-30
South Korea,2024-05,31,1,11451.0,2220.0,9231.0,0.0,590.0,2205.0,26.6,26.8,0.68,9.7,80.6,2024-05-01,2024-05-31
South Korea,2024-06,29,1,10194.0,1801.0,8393.0,0.0,483.0,1792.0,26.8,27.0,0.5,9.7,82.3,2024-06-01,2024-06-30
South Korea,2024-07,30,1,11994.0,1815.0,10179.0,0.0,393.0,1810.0,21.7,21.7,0.28,9.7,84.9,2024-07-01,2024-07-31
South Korea,2024-08,31,1,12227.0,2187.0,10040.0,0.0,387.0,2177.0,17.7,17.8,0.46,9.8,82.1,2024-08-01,2024-08-31
South Korea,2024-09,30,1,12420.0,1732.0,10688.0,0.0,297.0,1729.0,17.1,17.2,0.17,9.7,86.1,2024-09-01,2024-09-30
South Korea,2024-10,31,1,12347.0,2384.0,9963.0,0.0,404.0,2380.0,16.9,17.0,0.17,9.7,80.7,2024-10-01,2024-10-31
South Korea,2024-11,28,1,9544.0,2141.0,7403.0,0.0,510.0,2129.0,23.8,24.0,0.56,9.7,77.6,2024-11-01,2024-11-30
South Korea,2024-12,30,1,8664.0,2543.0,6121.0,0.0,651.0,2534.0,25.6,25.7,0.35,9.7,70.6,2024-12-01,2024-12-31
South Korea,2025-01,30,1,11658.0,2785.0,8873.0,0.0,474.0,2774.0,17.0,17.1,0.39,9.7,76.1,2025-01-01,2025-01-30
South Korea,2025-02,27,1,8400.0,2844.0,5556.0,0.0,547.0,2837.0,19.2,19.3,0.25,9.7,66.1,2025-02-01,2025-02-28
South Korea,2025-03,30,1,6789.0,1639.0,5150.0,0.0,329.0,1638.0,20.1,20.1,0.06,9.7,75.9,2025-03-01,2025-03-31
South Korea,2025-04,30,1,12380.0,2389.0,9991.0,0.0,282.0,2369.0,11.8,11.9,0.84,9.7,80.7,2025-04-01,2025-04-30
South Korea,2025-05,31,1,13262.0,1943.0,11319.0,0.0,308.0,1938.0,15.9,15.9,0.26,9.7,85.3,2025-05-01,2025-05-31
South Korea,2025-06,30,1,12651.0,1519.0,11132.0,0.0,305.0,1517.0,20.1,20.1,0.13,9.7,88.0,2025-06-01,2025-06-30
South Korea,2025-07,31,1,13739.0,1629.0,12110.0,0.0,272.0,1625.0,16.7,16.7,0.25,9.9,88.1,2025-07-01,2025-07-31
South Korea,2025-08,30,1,13624.0,2286.0,11338.0,0.0,304.0,2275.0,13.3,13.4,0.48,9.7,83.2,2025-08-01,2025-08-31
South Korea,2025-09,29,1,14122.0,1991.0,12131.0,0.0,252.0,1984.0,12.7,12.7,0.35,9.7,85.9,2025-09-01,2025-09-30
South Korea,2025-10,31,1,13297.0,2398.0,10899.0,0.0,458.0,2386.0,19.1,19.2,0.5,9.7,82.0,2025-10-01,2025-10-31
South Korea,2025-11,30,1,12790.0,3617.0,9173.0,0.0,561.0,3603.0,15.5,15.6,0.39,9.7,71.7,2025-11-01,2025-11-30
South Korea,2025-12,31,1,11070.0,3157.0,7913.0,0.0,629.0,3140.0,19.9,20.0,0.54,9.7,71.5,2025-12-01,2025-12-31
South Korea,2026-01,31,1,13520.0,2966.0,10554.0,0.0,527.0,2961.0,17.8,17.8,0.17,9.7,78.1,2026-01-01,2026-01-31
South Korea,2026-02,28,1,10970.0,2395.0,8575.0,0.0,525.0,2388.0,21.9,22.0,0.29,9.7,78.2,2026-02-01,2026-02-28
Spain,2023-01,57,2,15770.0,2066.0,13704.0,0.0,579.0,2042.0,28.0,28.4,1.16,9.7,86.9,2023-01-01,2023-01-31
Spain,2023-02,49,2,13492.0,2360.0,11132.0,0.0,616.0,2339.0,26.1,26.3,0.89,9.7,82.5,2023-02-01,2023-02-28
Spain,2023-03,55,2,13920.0,1987.0,11933.0,0.0,409.0,1964.0,20.6,20.8,1.16,9.7,85.7,2023-03-01,2023-03-31
Spain,2023-04,60,2,13972.0,2303.0,11669.0,0.0,460.0,2276.0,20.0,20.2,1.17,9.7,83.5,2023-04-01,2023-04-30
Spain,2023-05,61,2,15904.0,2168.0,13736.0,0.0,497.0,2144.0,22.9,23.2,1.11,9.7,86.4,2023-05-01,2023-05-31
Spain,2023-06,64,3,17324.0,1861.0,15463.0,0.0,421.0,1845.0,22.6,22.8,0.86,9.7,89.3,2023-06-01,2023-06-30
Spain,2023-07,71,3,19972.0,2962.0,17010.0,0.0,243.0,2922.0,8.2,8.3,1.35,9.7,85.2,2023-07-01,2023-07-31
Spain,2023-08,71,3,21766.0,3721.0,18045.0,0.0,739.0,3652.0,19.9,20.2,1.85,9.8,82.9,2023-08-01,2023-08-31
Spain,2023-09,63,3,18814.0,2293.0,16521.0,0.0,429.0,2267.0,18.7,18.9,1.13,9.7,87.8,2023-09-01,2023-09-30
Spain,2023-10,61,2,19716.0,2885.0,16831.0,0.0,245.0,2869.0,8.5,8.5,0.55,9.8,85.4,2023-10-01,2023-10-31
Spain,2023-11,60,2,19313.0,2863.0,16450.0,0.0,552.0,2845.0,19.3,19.4,0.63,9.7,85.2,2023-11-01,2023-11-30
Spain,2023-12,62,2,20759.0,4592.0,16167.0,0.0,672.0,4542.0,14.6,14.8,1.09,9.7,77.9,2023-12-01,2023-12-31
Spain,2024-01,62,2,21329.0,3275.0,18054.0,0.0,545.0,3238.0,16.6,16.8,1.13,9.6,84.6,2024-01-01,2024-01-31
Spain,2024-02,57,2,20402.0,3559.0,16843.0,0.0,783.0,3535.0,22.0,22.1,0.67,9.7,82.6,2024-02-01,2024-02-29
Spain,2024-03,61,2,21184.0,3087.0,18097.0,0.0,603.0,3053.0,19.5,19.8,1.1,9.7,85.4,2024-03-01,2024-03-31
Spain,2024-04,60,2,19648.0,3767.0,15881.0,0.0,729.0,3723.0,19.4,19.6,1.17,9.7,80.8,2024-04-01,2024-04-30
Spain,2024-05,61,2,21426.0,2562.0,18864.0,0.0,743.0,2542.0,29.0,29.2,0.78,9.7,88.0,2024-05-01,2024-05-31
Spain,2024-06,73,3,27147.0,3498.0,23649.0,0.0,908.0,3455.0,26.0,26.3,1.23,9.7,87.1,2024-06-01,2024-06-30
Spain,2024-07,75,3,27471.0,3655.0,23816.0,0.0,715.0,3623.0,19.6,19.7,0.88,9.7,86.7,2024-07-01,2024-07-31
Spain,2024-08,74,3,28466.0,5094.0,23372.0,0.0,974.0,4996.0,19.1,19.5,1.92,9.7,82.1,2024-08-01,2024-08-31
Spain,2024-09,67,3,25338.0,3144.0,22194.0,0.0,706.0,3114.0,22.5,22.7,0.95,9.7,87.6,2024-09-01,2024-09-30
Spain,2024-10,61,2,25353.0,3505.0,21848.0,0.0,569.0,3475.0,16.2,16.4,0.86,9.7,86.2,2024-10-01,2024-10-31
Spain,2024-11,60,2,24784.0,3151.0,21633.0,0.0,713.0,3127.0,22.6,22.8,0.76,9.7,87.3,2024-11-01,2024-11-30
Spain,2024-12,62,2,23401.0,5216.0,18185.0,0.0,785.0,5165.0,15.0,15.2,0.98,9.7,77.7,2024-12-01,2024-12-31
Spain,2025-01,62,2,23348.0,3944.0,19404.0,0.0,612.0,3889.0,15.5,15.7,1.39,9.7,83.1,2025-01-01,2025-01-31
Spain,2025-02,56,2,22780.0,3667.0,19113.0,0.0,830.0,3640.0,22.6,22.8,0.74,9.7,83.9,2025-02-01,2025-02-28
Spain,2025-03,62,2,19392.0,2779.0,16613.0,0.0,615.0,2753.0,22.1,22.3,0.94,9.7,85.7,2025-03-01,2025-03-31
Spain,2025-04,60,2,23168.0,6698.0,16470.0,0.0,675.0,6637.0,10.1,10.2,0.91,9.7,71.1,2025-04-01,2025-04-30
Spain,2025-05,62,2,22945.0,3912.0,19033.0,0.0,883.0,3884.0,22.6,22.7,0.72,9.7,83.0,2025-05-01,2025-05-31
Spain,2025-06,71,3,29023.0,4493.0,24530.0,0.0,980.0,4442.0,21.8,22.1,1.14,9.9,84.5,2025-06-01,2025-06-30
Spain,2025-07,84,3,39279.0,5771.0,33508.0,0.0,1199.0,5713.0,20.8,21.0,1.01,9.7,85.3,2025-07-01,2025-07-31
Spain,2025-08,84,3,44389.0,8812.0,35577.0,0.0,1416.0,8683.0,16.1,16.3,1.46,9.7,80.1,2025-08-01,2025-08-31
Spain,2025-09,73,3,36605.0,5187.0,31418.0,0.0,1122.0,5111.0,21.6,22.0,1.47,9.6,85.8,2025-09-01,2025-09-30
Spain,2025-10,72,3,42123.0,7082.0,35041.0,0.0,1067.0,7017.0,15.1,15.2,0.92,9.7,83.2,2025-10-01,2025-10-31
Spain,2025-11,60,2,35352.0,5173.0,30179.0,0.0,1051.0,5145.0,20.3,20.4,0.54,9.6,85.4,2025-11-01,2025-11-30
Spain,2025-12,62,2,34253.0,7594.0,26659.0,0.0,1190.0,7537.0,15.7,15.8,0.75,9.6,77.8,2025-12-01,2025-12-31
Spain,2026-01,62,2,33824.0,5242.0,28582.0,0.0,1023.0,5179.0,19.5,19.8,1.2,9.6,84.5,2026-01-01,2026-01-31
Spain,2026-02,56,2,30922.0,3920.0,27002.0,0.0,925.0,3890.0,23.6,23.8,0.77,9.7,87.3,2026-02-01,2026-02-28
Switzerland,2023-01,49,2,11175.0,1938.0,9237.0,0.0,492.0,1902.0,25.4,25.9,1.86,12.1,82.7,2023-01-01,2023-01-31
Switzerland,2023-02,44,2,10728.0,2466.0,8262.0,0.0,556.0,2427.0,22.5,22.9,1.58,12.1,77.0,2023-02-02,2023-02-28
Switzerland,2023-03,49,2,10008.0,2098.0,7910.0,0.0,350.0,2065.0,16.7,16.9,1.57,12.3,79.0,2023-03-02,2023-03-31
Switzerland,2023-04,52,2,10401.0,2616.0,7785.0,0.0,247.0,2570.0,9.4,9.6,1.76,11.7,74.8,2023-04-01,2023-04-30
Switzerland,2023-05,53,2,11392.0,1782.0,9610.0,0.0,429.0,1750.0,24.1,24.5,1.8,11.9,84.4,2023-05-01,2023-05-31
Switzerland,2023-06,50,2,10800.0,1323.0,9477.0,0.0,299.0,1300.0,22.6,23.0,1.74,12.0,87.8,2023-06-01,2023-06-30
Switzerland,2023-07,54,2,13000.0,2242.0,10758.0,0.0,241.0,2197.0,10.7,11.0,2.01,12.0,82.8,2023-07-01,2023-07-31
Switzerland,2023-08,52,2,11847.0,3175.0,8672.0,0.0,734.0,3112.0,23.1,23.6,1.98,11.8,73.2,2023-08-01,2023-08-31
Switzerland,2023-09,52,2,11126.0,1755.0,9371.0,0.0,386.0,1728.0,22.0,22.3,1.54,11.8,84.2,2023-09-01,2023-09-30
Switzerland,2023-10,53,2,12971.0,2786.0,10185.0,0.0,479.0,2745.0,17.2,17.4,1.47,11.9,78.5,2023-10-01,2023-10-31
Switzerland,2023-11,48,2,9748.0,1815.0,7933.0,0.0,437.0,1795.0,24.1,24.3,1.1,11.9,81.4,2023-11-01,2023-11-30
Switzerland,2023-12,56,2,12666.0,2938.0,9728.0,0.0,501.0,2900.0,17.1,17.3,1.29,11.7,76.8,2023-12-01,2023-12-31
Switzerland,2024-01,62,2,12660.0,2033.0,10627.0,0.0,513.0,2004.0,25.2,25.6,1.43,12.4,83.9,2024-01-01,2024-01-31
Switzerland,2024-02,58,2,14617.0,3524.0,11093.0,0.0,741.0,3479.0,21.0,21.3,1.28,11.9,75.9,2024-02-01,2024-02-29
Switzerland,2024-03,61,2,13196.0,2035.0,11161.0,0.0,415.0,2007.0,20.4,20.7,1.38,11.8,84.6,2024-03-01,2024-03-31
Switzerland,2024-04,60,2,13079.0,2893.0,10186.0,0.0,484.0,2857.0,16.7,16.9,1.24,12.0,77.9,2024-04-01,2024-04-30
Switzerland,2024-05,62,2,13372.0,1965.0,11407.0,0.0,533.0,1929.0,27.1,27.6,1.83,11.9,85.3,2024-05-01,2024-05-31
Switzerland,2024-06,59,2,14124.0,1822.0,12302.0,0.0,535.0,1794.0,29.4,29.8,1.54,12.7,87.1,2024-06-01,2024-06-30
Switzerland,2024-07,62,2,16068.0,1998.0,14070.0,0.0,378.0,1982.0,18.9,19.1,0.8,12.6,87.6,2024-07-01,2024-07-31
Switzerland,2024-08,62,2,15907.0,3673.0,12234.0,0.0,979.0,3607.0,26.7,27.1,1.8,12.9,76.9,2024-08-01,2024-08-31
Switzerland,2024-09,59,2,14241.0,1895.0,12346.0,0.0,476.0,1868.0,25.1,25.5,1.42,12.4,86.7,2024-09-01,2024-09-30
Switzerland,2024-10,62,2,16122.0,3036.0,13086.0,0.0,528.0,2990.0,17.4,17.7,1.52,12.7,81.2,2024-10-01,2024-10-31
Switzerland,2024-11,56,2,12919.0,1982.0,10937.0,0.0,479.0,1957.0,24.2,24.5,1.26,13.0,84.7,2024-11-01,2024-11-30
Switzerland,2024-12,57,2,14650.0,2987.0,11663.0,0.0,542.0,2954.0,18.1,18.3,1.1,12.9,79.6,2024-12-01,2024-12-31
Switzerland,2025-01,58,2,13693.0,2611.0,11082.0,0.0,564.0,2572.0,21.6,21.9,1.49,12.7,80.9,2025-01-01,2025-01-31
Switzerland,2025-02,56,2,17691.0,3737.0,13954.0,0.0,788.0,3685.0,21.1,21.4,1.39,12.3,78.9,2025-02-01,2025-02-28
Switzerland,2025-03,62,2,14220.0,2266.0,11954.0,0.0,453.0,2214.0,20.0,20.5,2.29,12.3,84.1,2025-03-01,2025-03-31
Switzerland,2025-04,60,2,17747.0,4106.0,13641.0,0.0,603.0,4055.0,14.7,14.9,1.24,12.1,76.9,2025-04-01,2025-04-30
Switzerland,2025-05,62,2,17235.0,2335.0,14900.0,0.0,584.0,2297.0,25.0,25.4,1.63,12.0,86.5,2025-05-01,2025-05-31
Switzerland,2025-06,60,2,20449.0,2240.0,18209.0,0.0,632.0,2205.0,28.2,28.7,1.56,11.7,89.0,2025-06-01,2025-06-30
Switzerland,2025-07,61,2,23222.0,2735.0,20487.0,0.0,574.0,2698.0,21.0,21.3,1.35,11.6,88.2,2025-07-01,2025-07-31
Switzerland,2025-08,62,2,23054.0,4893.0,18161.0,0.0,1049.0,4831.0,21.4,21.7,1.27,11.8,78.8,2025-08-01,2025-08-31
Switzerland,2025-09,60,2,21488.0,3105.0,18383.0,0.0,621.0,3054.0,20.0,20.3,1.64,11.9,85.6,2025-09-01,2025-09-30
Switzerland,2025-10,62,2,24462.0,5238.0,19224.0,0.0,750.0,5174.0,14.3,14.5,1.22,11.8,78.6,2025-10-01,2025-10-31
Switzerland,2025-11,60,2,20420.0,3164.0,17256.0,0.0,702.0,3116.0,22.2,22.5,1.52,11.8,84.5,2025-11-01,2025-11-30
Switzerland,2025-12,62,2,21639.0,5006.0,16633.0,0.0,809.0,4944.0,16.2,16.4,1.24,11.6,76.9,2025-12-01,2025-12-31
Switzerland,2026-01,62,2,23331.0,3757.0,19574.0,0.0,869.0,3709.0,23.1,23.4,1.28,11.3,83.9,2026-01-01,2026-01-31
Switzerland,2026-02,55,2,23024.0,3611.0,19413.0,0.0,766.0,3563.0,21.2,21.5,1.33,11.4,84.3,2026-02-01,2026-02-28
Turkey,2023-01,31,1,7375.0,2256.0,5119.0,0.0,478.0,2223.0,21.2,21.5,1.46,7.9,69.4,2023-01-01,2023-01-31
Turkey,2023-02,28,1,6302.0,1841.0,4461.0,0.0,316.0,1809.0,17.2,17.5,1.74,6.7,70.8,2023-02-01,2023-02-28
Turkey,2023-03,31,1,5508.0,977.0,4531.0,0.0,181.0,960.0,18.5,18.9,1.74,6.0,82.3,2023-03-01,2023-03-31
Turkey,2023-04,30,1,4652.0,1532.0,3120.0,0.0,125.0,1511.0,8.2,8.3,1.37,5.4,67.1,2023-04-01,2023-04-30
Turkey,2023-05,26,1,5493.0,1889.0,3604.0,0.0,245.0,1844.0,13.0,13.3,2.38,7.4,65.6,2023-05-01,2023-05-30
Turkey,2023-06,28,1,6076.0,2833.0,3243.0,0.0,253.0,2781.0,8.9,9.1,1.84,6.7,53.4,2023-06-01,2023-06-30
Turkey,2023-07,31,1,7704.0,3918.0,3786.0,0.0,221.0,3857.0,5.6,5.7,1.56,6.0,49.1,2023-07-01,2023-07-31
Turkey,2023-08,31,1,8603.0,4120.0,4483.0,0.0,253.0,4052.0,6.1,6.2,1.65,5.7,52.1,2023-08-01,2023-08-31
Turkey,2023-09,30,1,5931.0,2208.0,3723.0,0.0,201.0,2180.0,9.1,9.2,1.27,5.6,62.8,2023-09-01,2023-09-30
Turkey,2023-10,31,1,8668.0,3240.0,5428.0,0.0,308.0,3197.0,9.5,9.6,1.33,7.5,62.6,2023-10-01,2023-10-31
Turkey,2023-11,30,1,7686.0,2413.0,5273.0,0.0,275.0,2385.0,11.4,11.5,1.16,8.6,68.6,2023-11-01,2023-11-30
Turkey,2023-12,31,1,8225.0,4634.0,3591.0,0.0,298.0,4578.0,6.4,6.5,1.21,6.3,43.7,2023-12-01,2023-12-31
Turkey,2024-01,31,1,8368.0,3586.0,4782.0,0.0,264.0,3526.0,7.4,7.5,1.67,7.5,57.1,2024-01-01,2024-01-31
Turkey,2024-02,29,1,8239.0,3458.0,4781.0,0.0,395.0,3419.0,11.4,11.6,1.13,7.6,58.0,2024-02-01,2024-02-29
Turkey,2024-03,31,1,6527.0,2499.0,4028.0,0.0,237.0,2467.0,9.5,9.6,1.28,6.8,61.7,2024-03-01,2024-03-31
Turkey,2024-04,30,1,7380.0,3763.0,3617.0,0.0,404.0,3712.0,10.7,10.9,1.36,8.1,49.0,2024-04-01,2024-04-30
Turkey,2024-05,31,1,8157.0,2911.0,5246.0,0.0,392.0,2878.0,13.5,13.6,1.13,7.9,64.3,2024-05-01,2024-05-31
Turkey,2024-06,37,2,8806.0,3497.0,5309.0,0.0,354.0,3442.0,10.1,10.3,1.57,7.8,60.3,2024-06-01,2024-06-30
Turkey,2024-07,44,2,11625.0,4447.0,7178.0,0.0,336.0,4388.0,7.6,7.7,1.33,7.2,61.7,2024-07-01,2024-07-31
Turkey,2024-08,45,2,15800.0,6937.0,8863.0,0.0,565.0,6805.0,8.1,8.3,1.9,7.5,56.1,2024-08-01,2024-08-31
Turkey,2024-09,36,2,12313.0,4438.0,7875.0,0.0,302.0,4371.0,6.8,6.9,1.51,6.9,64.0,2024-09-01,2024-09-30
Turkey,2024-10,31,1,12512.0,3822.0,8690.0,0.0,421.0,3752.0,11.0,11.2,1.83,8.3,69.5,2024-10-01,2024-10-31
Turkey,2024-11,30,1,11220.0,2861.0,8359.0,0.0,398.0,2828.0,13.9,14.1,1.15,6.9,74.5,2024-11-01,2024-11-30
Turkey,2024-12,31,1,11421.0,4100.0,7321.0,0.0,394.0,4060.0,9.6,9.7,0.98,7.8,64.1,2024-12-01,2024-12-31
Turkey,2025-01,31,1,11002.0,4070.0,6932.0,0.0,286.0,4018.0,7.0,7.1,1.28,6.7,63.0,2025-01-01,2025-01-31
Turkey,2025-02,28,1,10109.0,3447.0,6662.0,0.0,344.0,3412.0,10.0,10.1,1.02,6.7,65.9,2025-02-01,2025-02-28
Turkey,2025-03,31,1,8105.0,2463.0,5642.0,0.0,126.0,2429.0,5.1,5.2,1.38,6.0,69.6,2025-03-01,2025-03-31
Turkey,2025-04,30,1,9572.0,3347.0,6225.0,0.0,304.0,3293.0,9.1,9.2,1.61,6.4,65.0,2025-04-01,2025-04-30
Turkey,2025-05,31,1,9787.0,3223.0,6564.0,0.0,252.0,3184.0,7.8,7.9,1.21,5.6,67.1,2025-05-01,2025-05-31
Turkey,2025-06,36,2,9500.0,3657.0,5843.0,0.0,288.0,3610.0,7.9,8.0,1.29,5.8,61.5,2025-06-01,2025-06-30
Turkey,2025-07,45,2,11350.0,4802.0,6548.0,0.0,293.0,4745.0,6.1,6.2,1.19,4.9,57.7,2025-07-01,2025-07-31
Turkey,2025-08,44,2,13161.0,7529.0,5632.0,0.0,365.0,7398.0,4.8,4.9,1.74,4.8,42.8,2025-08-01,2025-08-31
Turkey,2025-09,36,2,9639.0,4531.0,5108.0,0.0,229.0,4461.0,5.1,5.1,1.54,4.9,53.0,2025-09-01,2025-09-30
Turkey,2025-10,31,1,12107.0,5238.0,6869.0,0.0,251.0,5167.0,4.8,4.9,1.36,4.7,56.7,2025-10-01,2025-10-31
Turkey,2025-11,30,1,11008.0,4551.0,6457.0,0.0,280.0,4488.0,6.2,6.2,1.38,4.8,58.7,2025-11-01,2025-11-30
Turkey,2025-12,25,1,6501.0,3180.0,3321.0,0.0,168.0,3138.0,5.3,5.4,1.32,4.5,51.1,2025-12-01,2025-12-31
Turkey,2026-01,31,1,6552.0,2716.0,3836.0,0.0,168.0,2679.0,6.2,6.3,1.36,4.4,58.5,2026-01-01,2026-01-31
Turkey,2026-02,27,1,5187.0,1950.0,3237.0,0.0,148.0,1926.0,7.6,7.7,1.23,4.4,62.4,2026-02-01,2026-02-27
United Kingdom,2023-01,61,2,42355.0,9745.0,32610.0,0.0,2649.0,9588.0,27.2,27.6,1.61,11.1,77.0,2023-01-01,2023-01-31
United Kingdom,2023-02,56,2,38590.0,12102.0,26488.0,0.0,2406.0,11910.0,19.9,20.2,1.59,11.1,68.6,2023-02-01,2023-02-28
United Kingdom,2023-03,62,2,36243.0,11143.0,25100.0,0.0,2419.0,10987.0,21.7,22.0,1.4,11.0,69.3,2023-03-01,2023-03-31
United Kingdom,2023-04,60,2,34697.0,10643.0,24054.0,0.0,1986.0,10513.0,18.7,18.9,1.22,11.2,69.3,2023-04-01,2023-04-30
United Kingdom,2023-05,62,2,35716.0,10907.0,24809.0,0.0,2437.0,10759.0,22.3,22.7,1.36,10.8,69.5,2023-05-01,2023-05-31
United Kingdom,2023-06,60,2,36137.0,7081.0,29056.0,0.0,1627.0,6997.0,23.0,23.3,1.19,11.2,80.4,2023-06-01,2023-06-30
United Kingdom,2023-07,62,2,46447.0,9977.0,36470.0,0.0,1165.0,9869.0,11.7,11.8,1.08,11.3,78.5,2023-07-01,2023-07-31
United Kingdom,2023-08,62,2,51362.0,14058.0,37304.0,0.0,2601.0,13831.0,18.5,18.8,1.61,14.0,72.6,2023-08-01,2023-08-31
United Kingdom,2023-09,60,2,43106.0,8897.0,34209.0,0.0,2496.0,8766.0,28.1,28.5,1.47,13.8,79.4,2023-09-01,2023-09-30
United Kingdom,2023-10,62,2,55927.0,16346.0,39581.0,0.0,3325.0,16153.0,20.3,20.6,1.18,14.3,70.8,2023-10-01,2023-10-31
United Kingdom,2023-11,60,2,54097.0,12864.0,41233.0,0.0,3505.0,12701.0,27.2,27.6,1.27,15.0,76.2,2023-11-01,2023-11-30
United Kingdom,2023-12,61,2,62673.0,18513.0,44160.0,0.0,3533.0,18259.0,19.1,19.3,1.37,15.2,70.5,2023-12-01,2023-12-31
United Kingdom,2024-01,62,2,59073.0,11151.0,47922.0,0.0,3199.0,11019.0,28.7,29.0,1.18,15.5,81.1,2024-01-01,2024-01-31
United Kingdom,2024-02,58,2,54920.0,14630.0,40290.0,0.0,3412.0,14410.0,23.3,23.7,1.5,15.4,73.4,2024-02-01,2024-02-29
United Kingdom,2024-03,62,2,55222.0,12965.0,42257.0,0.0,3017.0,12782.0,23.3,23.6,1.41,15.5,76.5,2024-03-01,2024-03-31
United Kingdom,2024-04,60,2,47978.0,12836.0,35142.0,0.0,3080.0,12661.0,24.0,24.3,1.36,15.2,73.2,2024-04-01,2024-04-30
United Kingdom,2024-05,62,2,46327.0,11574.0,34753.0,0.0,2990.0,11446.0,25.8,26.1,1.11,14.3,75.0,2024-05-01,2024-05-31
United Kingdom,2024-06,59,2,49929.0,8715.0,41214.0,0.0,2415.0,8603.0,27.7,28.1,1.29,14.1,82.5,2024-06-01,2024-06-30
United Kingdom,2024-07,62,2,56665.0,11453.0,45212.0,0.0,1659.0,11323.0,14.5,14.7,1.14,14.1,79.8,2024-07-01,2024-07-31
United Kingdom,2024-08,62,2,56147.0,17132.0,39015.0,0.0,3114.0,16869.0,18.2,18.5,1.54,14.1,69.5,2024-08-01,2024-08-31
United Kingdom,2024-09,60,2,48656.0,11101.0,37555.0,0.0,2856.0,10948.0,25.7,26.1,1.38,14.1,77.2,2024-09-01,2024-09-30
United Kingdom,2024-10,62,2,55928.0,16429.0,39499.0,0.0,3113.0,16231.0,18.9,19.2,1.21,14.1,70.6,2024-10-01,2024-10-31
United Kingdom,2024-11,60,2,53024.0,12082.0,40942.0,0.0,2994.0,11914.0,24.8,25.1,1.39,14.1,77.2,2024-11-01,2024-11-30
United Kingdom,2024-12,61,2,57906.0,18899.0,39007.0,0.0,3147.0,18698.0,16.7,16.8,1.06,14.0,67.4,2024-12-01,2024-12-31
United Kingdom,2025-01,62,2,59118.0,11564.0,47554.0,0.0,2414.0,11383.0,20.9,21.2,1.57,13.4,80.4,2025-01-01,2025-01-31
United Kingdom,2025-02,56,2,53297.0,14419.0,38878.0,0.0,3424.0,14208.0,23.7,24.1,1.46,13.5,72.9,2025-02-01,2025-02-28
United Kingdom,2025-03,62,2,52830.0,10256.0,42574.0,0.0,2289.0,10067.0,22.3,22.7,1.84,13.5,80.6,2025-03-01,2025-03-31
United Kingdom,2025-04,60,2,58054.0,18819.0,39235.0,0.0,2929.0,18582.0,15.6,15.8,1.26,13.1,67.6,2025-04-01,2025-04-30
United Kingdom,2025-05,62,2,52929.0,14386.0,38543.0,0.0,3311.0,14201.0,23.0,23.3,1.29,13.1,72.8,2025-05-01,2025-05-31
United Kingdom,2025-06,60,2,54962.0,9868.0,45094.0,0.0,2786.0,9760.0,28.2,28.5,1.09,13.8,82.0,2025-06-01,2025-06-30
United Kingdom,2025-07,62,2,68286.0,11360.0,56926.0,0.0,2079.0,11231.0,18.3,18.5,1.14,14.2,83.4,2025-07-01,2025-07-31
United Kingdom,2025-08,62,2,69887.0,18617.0,51270.0,0.0,3590.0,18329.0,19.3,19.6,1.55,14.1,73.4,2025-08-01,2025-08-31
United Kingdom,2025-09,60,2,62257.0,12074.0,50183.0,0.0,3292.0,11885.0,27.3,27.7,1.57,14.3,80.6,2025-09-01,2025-09-30
United Kingdom,2025-10,62,2,68245.0,20048.0,48197.0,0.0,3821.0,19778.0,19.1,19.3,1.35,13.8,70.6,2025-10-01,2025-10-31
United Kingdom,2025-11,60,2,67572.0,15626.0,51946.0,0.0,4217.0,15402.0,27.0,27.4,1.43,14.1,76.9,2025-11-01,2025-11-30
United Kingdom,2025-12,62,2,71659.0,21733.0,49926.0,0.0,3678.0,21457.0,16.9,17.1,1.27,13.7,69.7,2025-12-01,2025-12-31
United Kingdom,2026-01,62,2,70747.0,14086.0,56661.0,0.0,3145.0,13823.0,22.3,22.8,1.87,13.9,80.1,2026-01-01,2026-01-31
United Kingdom,2026-02,56,2,61125.0,16129.0,44996.0,0.0,3176.0,15860.0,19.7,20.0,1.67,13.4,73.6,2026-02-01,2026-02-28
United States of America,2023-01,91,3,31441.0,3524.0,27917.0,0.0,1858.0,3466.0,52.7,53.6,1.65,12.3,88.8,2023-01-01,2023-01-31
United States of America,2023-02,84,3,28970.0,3435.0,25535.0,0.0,1586.0,3391.0,46.2,46.8,1.28,12.3,88.1,2023-02-01,2023-02-28
United States of America,2023-03,93,3,27264.0,3765.0,23499.0,0.0,1365.0,3719.0,36.3,36.7,1.22,12.3,86.2,2023-03-01,2023-03-31
United States of America,2023-04,90,3,25373.0,2792.0,22581.0,0.0,1097.0,2757.0,39.3,39.8,1.25,11.7,89.0,2023-04-01,2023-04-30
United States of America,2023-05,93,3,34589.0,3720.0,30869.0,0.0,1011.0,3685.0,27.2,27.4,0.94,11.6,89.2,2023-05-01,2023-05-31
United States of America,2023-06,90,3,32474.0,3301.0,29173.0,0.0,788.0,3266.0,23.9,24.1,1.06,11.6,89.8,2023-06-01,2023-06-30
United States of America,2023-07,92,3,33720.0,3821.0,29899.0,0.0,1072.0,3773.0,28.1,28.4,1.26,12.1,88.7,2023-07-01,2023-07-31
United States of America,2023-08,93,3,32360.0,4329.0,28031.0,0.0,1685.0,4284.0,38.9,39.3,1.04,12.1,86.6,2023-08-01,2023-08-31
United States of America,2023-09,90,3,31980.0,3199.0,28781.0,0.0,1509.0,3150.0,47.2,47.9,1.53,11.8,90.0,2023-09-01,2023-09-30
United States of America,2023-10,94,5,34591.0,4142.0,30449.0,0.0,1565.0,4096.0,37.8,38.2,1.11,11.5,88.0,2023-10-01,2023-10-31
United States of America,2023-11,90,3,34999.0,3496.0,31503.0,0.0,1491.0,3438.0,42.6,43.4,1.66,11.7,90.0,2023-11-01,2023-11-30
United States of America,2023-12,93,3,37798.0,4371.0,33427.0,0.0,1680.0,4320.0,38.4,38.9,1.17,12.1,88.4,2023-12-01,2023-12-31
United States of America,2024-01,93,3,34973.0,3626.0,31347.0,0.0,1569.0,3588.0,43.3,43.7,1.05,11.8,89.6,2024-01-01,2024-01-31
United States of America,2024-02,86,3,30471.0,3521.0,26950.0,0.0,1362.0,3476.0,38.7,39.2,1.28,11.6,88.4,2024-02-01,2024-02-29
United States of America,2024-03,93,3,30813.0,3345.0,27468.0,0.0,1364.0,3297.0,40.8,41.4,1.43,11.7,89.1,2024-03-01,2024-03-31
United States of America,2024-04,108,4,31960.0,3828.0,28132.0,0.0,1500.0,3765.0,39.2,39.8,1.65,12.0,88.0,2024-04-01,2024-04-30
United States of America,2024-05,109,4,43218.0,4031.0,39187.0,0.0,1898.0,4000.0,47.1,47.5,0.77,13.4,90.7,2024-05-01,2024-05-31
United States of America,2024-06,107,4,42474.0,3901.0,38573.0,0.0,1679.0,3862.0,43.0,43.5,1.0,13.4,90.8,2024-06-01,2024-06-30
United States of America,2024-07,111,4,43673.0,3924.0,39749.0,0.0,1787.0,3878.0,45.5,46.1,1.17,13.4,91.0,2024-07-01,2024-07-31
United States of America,2024-08,110,4,40126.0,4875.0,35251.0,0.0,1955.0,4810.0,40.1,40.6,1.33,13.4,87.9,2024-08-01,2024-08-31
United States of America,2024-09,106,4,36628.0,3524.0,33104.0,0.0,1776.0,3489.0,50.4,50.9,0.99,13.4,90.4,2024-09-01,2024-09-30
United States of America,2024-10,111,5,45420.0,4906.0,40514.0,0.0,2107.0,4855.0,42.9,43.4,1.04,13.3,89.2,2024-10-01,2024-10-31
United States of America,2024-11,119,4,48860.0,4531.0,44329.0,0.0,1684.0,4468.0,37.2,37.7,1.39,13.2,90.7,2024-11-01,2024-11-30
United States of America,2024-12,124,4,50215.0,6047.0,44168.0,0.0,1921.0,5999.0,31.8,32.0,0.79,13.1,88.0,2024-12-01,2024-12-31
United States of America,2025-01,124,4,48622.0,4507.0,44115.0,0.0,1922.0,4443.0,42.6,43.3,1.42,13.1,90.7,2025-01-01,2025-01-31
United States of America,2025-02,112,4,41237.0,4019.0,37218.0,0.0,1758.0,3981.0,43.7,44.2,0.95,13.2,90.3,2025-02-01,2025-02-28
United States of America,2025-03,122,4,37347.0,3467.0,33880.0,0.0,1463.0,3426.0,42.2,42.7,1.18,13.2,90.7,2025-03-01,2025-03-31
United States of America,2025-04,120,4,37401.0,4850.0,32551.0,0.0,1938.0,4794.0,40.0,40.4,1.15,13.1,87.0,2025-04-01,2025-04-30
United States of America,2025-05,123,4,45866.0,5128.0,40738.0,0.0,1990.0,5084.0,38.8,39.1,0.86,13.1,88.8,2025-05-01,2025-05-31
United States of America,2025-06,119,4,45358.0,4171.0,41187.0,0.0,1298.0,4127.0,31.1,31.5,1.05,12.7,90.8,2025-06-01,2025-06-30
United States of America,2025-07,140,5,51648.0,5283.0,46365.0,0.0,1595.0,5229.0,30.2,30.5,1.02,11.8,89.8,2025-07-01,2025-07-31
United States of America,2025-08,138,5,45701.0,5700.0,40001.0,0.0,1829.0,5638.0,32.1,32.4,1.09,11.9,87.5,2025-08-01,2025-08-31
United States of America,2025-09,139,6,44199.0,4244.0,39955.0,0.0,1805.0,4197.0,42.5,43.0,1.11,11.9,90.4,2025-09-01,2025-09-30
United States of America,2025-10,141,5,51716.0,5224.0,46492.0,0.0,2091.0,5176.0,40.0,40.4,0.92,11.9,89.9,2025-10-01,2025-10-31
United States of America,2025-11,150,5,57074.0,5985.0,51089.0,0.0,2169.0,5916.0,36.2,36.7,1.15,11.9,89.5,2025-11-01,2025-11-30
United States of America,2025-12,155,5,57404.0,8422.0,48982.0,0.0,2451.0,8359.0,29.1,29.3,0.75,11.9,85.3,2025-12-01,2025-12-31
United States of America,2026-01,150,5,56161.0,5457.0,50704.0,0.0,2317.0,5404.0,42.5,42.9,0.97,11.9,90.3,2026-01-01,2026-01-31
United States of America,2026-02,136,5,46262.0,4282.0,41980.0,0.0,1909.0,4247.0,44.6,44.9,0.82,11.9,90.7,2026-02-01,2026-02-28
